score,queried,row_count,layer_url,name,geometryType,fields
0,False,0,http://services6.arcgis.com/UsYsRnGSuO0r8uif/arcgis/rest/services/Bristol_Avon_Basin/FeatureServer/0,Bristol_Avon_Basin,esriGeometryPolygon,FID;OBJECTID;Id;Shape_Leng;Shape_Area
9,True,14,http://services6.arcgis.com/UsYsRnGSuO0r8uif/arcgis/rest/services/Bristol_Blitz/FeatureServer/1,HighEutroph,esriGeometryPoint,OBJECTID;Site;Nitrate;Phosphate;Latitud;Longitud;Image;Path;Notes;CreationDate;Creator;EditDate;Editor
9,True,1,http://services6.arcgis.com/UsYsRnGSuO0r8uif/arcgis/rest/services/Bristol_Blitz/FeatureServer/2,LowEutroph,esriGeometryPoint,OBJECTID;Site;Nitrate;Phosphate;Latitud;Longitud;Image;Path;Notes;CreationDate;Creator;EditDate;Editor
9,True,95,http://services6.arcgis.com/UsYsRnGSuO0r8uif/arcgis/rest/services/Bristol_Blitz/FeatureServer/3,BristolBlitz,esriGeometryPoint,OBJECTID;Site;Nitrate;Phosphate;Latitud;Longitud;Image;Path;Notes;CreationDate;Creator;EditDate;Editor
0,False,0,https://services.arcgis.com/qHLhLQrcvEnxjtPr/arcgis/rest/services/OS_OpenRivers/FeatureServer/0,OS Open Rivers,esriGeometryPolyline,OBJECTID;name1;identifier;startNode;endNode;form;flow;fictitious;length;name2;Shape__Length;ESRIUKCASTID
1,False,0,https://services.arcgisonline.com/ArcGIS/rest/services/World_Topo_Map/MapServer/0,Citations,esriGeometryPolygon,OBJECTID;Shape;OrgFullName;OrgHomePage;DataDnldDate;DataDnldURL;OrgAbbrName;OrgIsAuthority;DataMetaDataURL;DataSvcURL;DataSetFullName;DataSetShortName;ESRINotes;DataSetID;MinMapLevel;MaxMapLevel;Community;Categories;DrawOrder;DrawOrderName;Shape_Area
0,False,0,https://services.arcgisonline.com/arcgis/rest/services/Elevation/World_Hillshade/MapServer/0,World_Hillshade,esriGeometryPolygon,FID;Shape;Id
13,True,0,https://services1.arcgis.com/3y2UjRk7kgHWWhWV/arcgis/rest/services/survey123_f547847c31f64103a92482463a88e19c_fieldworker/FeatureServer/0,survey,esriGeometryPoint,objectid;globalid;CreationDate;Creator;EditDate;Editor;site_name;nitrate_level_n_mgl_in_excess_o;phosphate_level_p_mgl_in_excess;type_of_freshwater_body;description_of_land_use_in_imme;any_other_observations
13,True,0,https://services1.arcgis.com/3y2UjRk7kgHWWhWV/arcgis/rest/services/survey123_f547847c31f64103a92482463a88e19c_stakeholder/FeatureServer/0,survey,esriGeometryPoint,objectid;globalid;CreationDate;Creator;EditDate;Editor;site_name;nitrate_level_n_mgl_in_excess_o;phosphate_level_p_mgl_in_excess;type_of_freshwater_body;description_of_land_use_in_imme;any_other_observations
9,True,0,https://services3.arcgis.com/Bb8lfThdhugyc4G3/arcgis/rest/services/Mersey_Rivers_Trust_Citizen_Science_Data/FeatureServer/0,Water Quality Test Strips,esriGeometryPoint,OBJECTID;Site_Location;Staff___RG;Operational_Catchment;Watercourse;Date;Grid_Point;Latitude;Longitude;Estimate_Water_Flow;Estimate_Water_Level;Estimate_Water_Colour;Weather_At_Time_Of_Start;Rain__previous_24_hours_;Air_Temperature__C__;Nitrate__ppm_;pH_Reading;Phosphate_LR__ppb_;Ammonia__ppm_;Turbidity;Water_Temperature__C__;General_Ecosystem_Surroundings;Type_of_land_use_in_the_immedia;Other_Land_Use_;Describe_other_land_use_types_;Are_there_any_potential_polluti;If_yes__what_;How_much_litter_;Type_of_litter;What_is_the_bank_vegetation_;If_other__describe_;Describe_Other_Vegetation_Types;Are_any_of_the_following_on_the;Aquatic_life;Aquatic_life_notes;Notes
9,True,0,https://services3.arcgis.com/Bb8lfThdhugyc4G3/arcgis/rest/services/Mersey_Rivers_Trust_Citizen_Science_Data/FeatureServer/1,Water Blitzes,esriGeometryPoint,OBJECTID;Date;WaterBlitz;Who;Site_name;Latitude;Longitude;Grid_reference;NH3_N;PO4_3;PO4_P;Notes
1,False,0,https://services3.arcgis.com/Bb8lfThdhugyc4G3/arcgis/rest/services/Mersey_Rivers_Trust_Citizen_Science_Data/FeatureServer/2,Outfall Safari,esriGeometryPoint,OBJECTID;Staff_or_RG;Site_Name;Date;Lattitude;Longitude;Grid_reference;Landmark;Rain_in_the_last_48hrs;Photo;Outfall_is_on_L_R_bank_facing_d;Rank_the_flow;Flow_Score;Rank_the_visual_impact;Visual_Impact_score;Rank_the_aesthetics_of_the_outf;Aesthetics_score;Total_Score;Sewage_debris_litter;Other_pollution;Outfall_photo;Visual_impact_photo;Photo1;Notes;Photo2;Photo3
9,True,0,https://services3.arcgis.com/Bb8lfThdhugyc4G3/arcgis/rest/services/Mersey_Rivers_Trust_Citizen_Science_Data/FeatureServer/3,Hanna Checkers,esriGeometryPoint,OBJECTID;Date;Subcatchment;Watercourse;Staff_or_RG;Site_Number__Name;Grid_Reference;Latitude;Longitude;Ammonia__ppm_;Phosphate__ppb_;Nitrate__ppm_;Hanna_Checker_PO4_3;PO4_P;Notes;Phosphate_Checker
9,True,0,https://services3.arcgis.com/SQtySBftABENTpkx/ArcGIS/rest/services/GP_LaGora_Public_view_2/FeatureServer/5,DataImport,esriGeometryPoint,OBJECTID;surveylang;Creator;Editor;sample_id;Image_ID;feedback_core;feedback_eng;EditDate;group_id;group_name;audience;no_participants;site_name;submitted_date;sample_date;sample_time;Lat;Long;notes;ecological_fw_body_type;ecological_fw_body_type_other;ecological_land_use;ecological_land_use_other;ecological_bank_vegetation;ecological_bank_vegetation_oth;ecological_water_surface;ecological_litter;ecological_pollution_sources;ecological_pollution_sources_o;ecological_water_uses;ecological_water_uses_other;ecological_aquatic_life;ecological_aquatic_life_other;ecological_algae;ecological_sample_bottle_no;hydrological_water_flow;hydrological_water_level;chemical_nitrate;chemical_nitrate_greater_10;chemical_phosphate;optical_secchi_turbidity;optical_colour;optical_colour_other;GlobalID;Feeback_results_eng;Feeback_results_core;hydrological_waterway_width;ecological_rain_24hours;ecological_plastic_pollution
13,True,6424,https://services3.arcgis.com/SQtySBftABENTpkx/ArcGIS/rest/services/Global_Data_Set_(vs)_Public_view/FeatureServer/0,Global_Data_Set_XvsX,esriGeometryPoint,objectid;globalid;group_id;group_name;audience;site_name;sample_date;sample_time;sample_id;no_participants;ecological_fw_body_type;ecological_fw_body_type_other;ecological_land_use;ecological_land_use_other;ecological_bank_vegetation;ecological_bank_vegetation_oth;ecological_vegetation_cover;ecological_river_water_crowfoot;ecological_floating_water_plant;ecological_australian_swamp;ecological_swamp_crassula;ecological_floating_pennywort;ecological_himalayan_balsam;ecological_invasive_species;ecological_invasive_species_oth;ecological_water_surface;ecological_algae;ecological_litter;ecological_plastic_pollution;ecological_pollution_sources;ecological_pollution_sources_o;ecological_water_uses;ecological_water_uses_other;ecological_aquatic_life;ecological_aquatic_life_other;ecological_rain_24hours;ecological_sample_bottle_no;hydrological_water_flow;hydrological_water_level;hydrological_waterway_depth;hydrological_waterway_width_old;hydrological_waterway_width;hydrological_water_velocity;chemical_nitrate;chemical_nitrate_greater_10;chemical_phosphate;chemical_alkalinity;chemical_ammonia;chemical_ammonium;chemical_arsenic;chemical_bod;chemical_cod;chemical_chlorophyll;chemical_chromium;chemical_conductivity;chemical_dissolved_oxygen_per;chemical_dissolved_oxygen_mg;chemical_hardness;chemical_lead;chemical_nitrates;chemical_nitrite;chemical_orthophosphates;chemical_ph;chemical_potassium;chemical_salinity_ppt;chemical_sediment_organic_matter;chemical_dissolved_solids;chemical_tryptophan;chemical_turbidity;chemical_water_temp;optical_secchi_turbidity;optical_colour;optical_colour_other;biological_anisoptera;biological_baetidae;biological_chironomidae;biological_decapoda;biological_diptera;biological_ephemerellidae;biological_ephemeridae;biological_ephemeroptera;biological_gammaridae;biological_gastropoda;biological_hemiptera_coleoptera;biological_heptageniidae;biological_hirudinea;biological_odonata;biological_oligochaeta;biological_plecoptera;biological_simuliidae;biological_trichoptera_cased;biological_trichoptera_caseless;biological_tricladida;biological_zygoptera;litter_dumping_activities;litter_medical_hygiene;litter_other_debris;litter_outdoor_activities;litter_shoreline_recreational;litter_smoking;litter_peculiar;meteor_rain_events;meteor_atmospheric_conditions;meteor_air_temp;meteor_wind;micro_coliform_bacteria;micro_e_coli_bacteria;micro_e_coli_sample;micro_faecal_coliforms;micro_plate_photograph;micro_phytoplankton;micro_bottle_no;portable_water_odour;portable_water_taste;portable_water_borehole;portable_microplastics_sample_id;surveylang;feedback_eng;feedback_core;feedback_swahili;Feeback_results_eng;Feeback_results_core;CreationDate;EditDate;notes;submitted_date;sort_order_nitrates;sort_order_phosphates;sort_order_turbidity;feedback_rating;country;feedback_score;county;RBD_NAME;MNCAT_NAME;nitrate_mid;phosphate_mid;photo_url
13,True,0,https://services3.arcgis.com/SQtySBftABENTpkx/arcgis/rest/services/British_Exploring_Society_FreshWater_Watch_Public_View/FeatureServer/0,British_Exploring_Society_FreshWater_Watch,esriGeometryPoint,objectid;globalid;group_id;group_name;audience;site_name;no_participants;sample_date;sample_time;sample_id;ecological_fw_body_type;ecological_fw_body_type_other;ecological_land_use;ecological_land_use_other;ecological_bank_vegetation;ecological_bank_vegetation_oth;ecological_water_surface;ecological_algae;ecological_litter;ecological_plastic_pollution;ecological_pollution_sources;ecological_pollution_sources_o;ecological_water_uses;ecological_water_uses_other;ecological_aquatic_life;ecological_aquatic_life_other;ecological_rain_24hours;hydrological_water_level;hydrological_no_water_observed;hydrological_water_flow;hydrological_waterway_width;chemical_no_water;chemical_nitrate;chemical_phosphate;optical_no_water;optical_secchi_turbidity;optical_colour;optical_colour_other;notes;surveylang;feedback_eng;feedback_core;Feeback_results_eng;Feeback_results_core;sort_order_nitrates;sort_order_phosphates;sort_order_turbidity;driedup_default;CreationDate;nitrate_mid;phosphate_mid;feedback_score;feedback_rating;RBD_NAME;MNCAT_NAME;county;country
13,True,0,https://services3.arcgis.com/SQtySBftABENTpkx/arcgis/rest/services/CLP_Nature_Conservation_Group__Freshwater_Charlestown_Public_view/FeatureServer/0,CLP_Nature_Conservation_Group___Freshwater_Charlestown,esriGeometryPoint,objectid;globalid;group_id;group_name;audience;site_name;no_participants;sample_date;sample_time;sample_id;ecological_fw_body_type;ecological_fw_body_type_other;ecological_land_use;ecological_land_use_other;ecological_bank_vegetation;ecological_bank_vegetation_oth;ecological_water_surface;ecological_algae;ecological_litter;ecological_plastic_pollution;ecological_pollution_sources;ecological_pollution_sources_o;ecological_water_uses;ecological_water_uses_other;ecological_aquatic_life;ecological_aquatic_life_other;ecological_rain_24hours;hydrological_water_level;hydrological_no_water_observed;hydrological_water_flow;hydrological_waterway_width;chemical_no_water;chemical_nitrate;chemical_phosphate;optical_no_water;optical_secchi_turbidity;optical_colour;optical_colour_other;notes;surveylang;feedback_eng;feedback_core;Feeback_results_eng;Feeback_results_core;sort_order_nitrates;sort_order_phosphates;sort_order_turbidity;driedup_default;CreationDate;EditDate;Editor;nitrate_mid;phosphate_mid;feedback_score;feedback_rating;RBD_NAME;MNCAT_NAME;county;country
13,True,0,https://services3.arcgis.com/SQtySBftABENTpkx/arcgis/rest/services/Carmarthen_and_The_Gower_FreshWater_Watchers_Public_view/FeatureServer/0,Carmarthen_X_The_Gower_FreshWater_Watchers,esriGeometryPoint,objectid;globalid;group_id;group_name;audience;site_name;no_participants;sample_date;sample_time;sample_id;ecological_fw_body_type;ecological_fw_body_type_other;ecological_land_use;ecological_land_use_other;ecological_bank_vegetation;ecological_bank_vegetation_oth;ecological_water_surface;ecological_algae;ecological_litter;ecological_plastic_pollution;ecological_pollution_sources;ecological_pollution_sources_o;ecological_water_uses;ecological_water_uses_other;ecological_aquatic_life;ecological_aquatic_life_other;ecological_rain_24hours;hydrological_water_level;hydrological_no_water_observed;hydrological_water_flow;hydrological_waterway_width;chemical_no_water;chemical_nitrate;chemical_phosphate;optical_no_water;optical_secchi_turbidity;optical_colour;optical_colour_other;notes;results_confirmation;surveylang;feedback_eng;feedback_core;Feeback_results_eng;Feeback_results_core;sort_order_nitrates;sort_order_phosphates;sort_order_turbidity;driedup_default;nitrate_mid;phosphate_mid;feedback_score;feedback_rating;RBD_NAME;MNCAT_NAME;county;country
13,True,0,https://services3.arcgis.com/SQtySBftABENTpkx/arcgis/rest/services/Ceredigion_FreshWater_Watchers_Public_view/FeatureServer/0,Ceredigion_FreshWater_Watchers,esriGeometryPoint,objectid;globalid;group_id;group_name;audience;site_name;no_participants;sample_date;sample_time;sample_id;ecological_fw_body_type;ecological_fw_body_type_other;ecological_land_use;ecological_land_use_other;ecological_bank_vegetation;ecological_bank_vegetation_oth;ecological_water_surface;ecological_algae;ecological_litter;ecological_plastic_pollution;ecological_pollution_sources;ecological_pollution_sources_o;ecological_water_uses;ecological_water_uses_other;ecological_aquatic_life;ecological_aquatic_life_other;ecological_rain_24hours;hydrological_water_level;hydrological_no_water_observed;hydrological_water_flow;hydrological_waterway_width;chemical_no_water;chemical_nitrate;chemical_phosphate;optical_no_water;optical_secchi_turbidity;optical_colour;optical_colour_other;notes;results_confirmation;surveylang;feedback_eng;feedback_core;Feeback_results_eng;Feeback_results_core;sort_order_nitrates;sort_order_phosphates;sort_order_turbidity;driedup_default;nitrate_mid;phosphate_mid;feedback_score;feedback_rating;RBD_NAME;MNCAT_NAME;county;country
13,True,0,https://services3.arcgis.com/SQtySBftABENTpkx/arcgis/rest/services/Coastwatch_FWW_Public_View/FeatureServer/0,Coastwatch_FWW,esriGeometryPoint,objectid;globalid;group_id;group_name;audience;site_name;no_participants;sample_date;sample_time;sample_id;ecological_fw_body_type;ecological_fw_body_type_other;ecological_land_use;ecological_land_use_other;ecological_bank_vegetation;ecological_bank_vegetation_oth;ecological_water_surface;ecological_algae;ecological_litter;ecological_plastic_pollution;ecological_pollution_sources;ecological_pollution_sources_o;ecological_water_uses;ecological_water_uses_other;ecological_aquatic_life;ecological_aquatic_life_other;ecological_rain_24hours;hydrological_water_level;hydrological_no_water_observed;hydrological_water_flow;hydrological_waterway_width;chemical_no_water;chemical_nitrate;chemical_phosphate;nitrate_mid;phosphate_mid;optical_no_water;optical_secchi_turbidity;optical_colour;optical_colour_other;notes;surveylang;feedback_eng;feedback_core;Feeback_results_eng;Feeback_results_core;sort_order_nitrates;sort_order_phosphates;sort_order_turbidity;driedup_default;CreationDate
13,True,0,https://services3.arcgis.com/SQtySBftABENTpkx/arcgis/rest/services/DSF_(Diamonds_on_the_Souls_of_their_Feet)_South_Africa_Public_view/FeatureServer/0,DSF_XDiamonds_on_the_Soles_of_their_FeetX_South_Africa,esriGeometryPoint,objectid;globalid;group_id;group_name;audience;site_name;no_participants;sample_date;sample_time;sample_id;ecological_fw_body_type;ecological_fw_body_type_other;ecological_land_use;ecological_land_use_other;ecological_bank_vegetation;ecological_bank_vegetation_oth;ecological_water_surface;ecological_algae;ecological_litter;ecological_plastic_pollution;ecological_pollution_sources;ecological_pollution_sources_o;ecological_water_uses;ecological_water_uses_other;ecological_aquatic_life;ecological_aquatic_life_other;ecological_rain_24hours;hydrological_water_level;hydrological_no_water_observed;hydrological_water_flow;hydrological_waterway_width;chemical_no_water;chemical_nitrate;chemical_phosphate;optical_no_water;optical_secchi_turbidity;optical_colour;optical_colour_other;notes;surveylang;feedback_eng;feedback_core;Feeback_results_eng;Feeback_results_core;sort_order_nitrates;sort_order_phosphates;sort_order_turbidity;driedup_default;CreationDate;EditDate;Editor
13,True,0,https://services3.arcgis.com/SQtySBftABENTpkx/arcgis/rest/services/East_Anglia_Youth_Rowing_FreshWater_Watch_Public_view/FeatureServer/0,East_Anglia_Youth_Rowing_FreshWater_Watch,esriGeometryPoint,objectid;globalid;group_id;group_name;audience;site_name;no_participants;sample_date;sample_time;sample_id;ecological_fw_body_type;ecological_fw_body_type_other;ecological_land_use;ecological_land_use_other;ecological_bank_vegetation;ecological_bank_vegetation_oth;ecological_water_surface;ecological_algae;ecological_litter;ecological_plastic_pollution;ecological_pollution_sources;ecological_pollution_sources_o;ecological_water_uses;ecological_water_uses_other;ecological_aquatic_life;ecological_aquatic_life_other;ecological_rain_24hours;hydrological_water_level;hydrological_no_water_observed;hydrological_water_flow;hydrological_waterway_width;chemical_no_water;chemical_nitrate;chemical_phosphate;optical_no_water;optical_secchi_turbidity;optical_colour;optical_colour_other;notes;surveylang;feedback_eng;feedback_core;Feeback_results_eng;Feeback_results_core;sort_order_nitrates;sort_order_phosphates;sort_order_turbidity;driedup_default;CreationDate;EditDate;nitrate_mid;phosphate_mid;feedback_score;feedback_rating;RBD_NAME;MNCAT_NAME;county;country
13,True,25,https://services3.arcgis.com/SQtySBftABENTpkx/arcgis/rest/services/FreshWater_Watch_Community_Public_View/FeatureServer/0,FreshWater_Watch_Community,esriGeometryPoint,objectid;globalid;group_id;group_name;audience;site_name;no_participants;sample_date;sample_time;sample_id;ecological_fw_body_type;ecological_fw_body_type_other;ecological_land_use;ecological_land_use_other;ecological_bank_vegetation;ecological_bank_vegetation_oth;ecological_water_surface;ecological_algae;ecological_litter;ecological_plastic_pollution;ecological_pollution_sources;ecological_pollution_sources_o;ecological_water_uses;ecological_water_uses_other;ecological_aquatic_life;ecological_aquatic_life_other;ecological_rain_24hours;hydrological_water_level;hydrological_no_water_observed;hydrological_water_flow;hydrological_waterway_width;chemical_no_water;chemical_nitrate;chemical_phosphate;optical_no_water;optical_secchi_turbidity;optical_colour;optical_colour_other;notes;surveylang;feedback_eng;feedback_core;Feeback_results_eng;Feeback_results_core;sort_order_nitrates;sort_order_phosphates;sort_order_turbidity;driedup_default;nitrate_mid;phosphate_mid;feedback_score;feedback_rating;RBD_NAME;MNCAT_NAME;county;country
13,True,0,https://services3.arcgis.com/SQtySBftABENTpkx/arcgis/rest/services/FreshWater_Watch_Parma_Public_View/FeatureServer/0,FreshWater_Watch_Parma,esriGeometryPoint,objectid;globalid;group_id;group_name;audience;site_name;grid_reference;ea_waterbody;no_participants;sample_date;sample_time;sample_id;ecological_fw_body_type;ecological_fw_body_type_other;ecological_land_use;ecological_land_use_other;ecological_bank_vegetation;ecological_bank_vegetation_oth;ecological_water_surface;ecological_algae;ecological_litter;ecological_plastic_pollution;ecological_pollution_sources;ecological_pollution_sources_o;ecological_water_uses;ecological_water_uses_other;ecological_aquatic_life;ecological_aquatic_life_other;ecological_rain_24hours;hydrological_water_level;hydrological_no_water_observed;hydrological_water_flow;hydrological_waterway_width;chemical_no_water;chemical_nitrate;chemical_phosphate;nitrate_mid;phosphate_mid;optical_no_water;optical_secchi_turbidity;optical_colour;optical_colour_other;notes;surveylang;feedback_eng;feedback_core;Feeback_results_eng;sort_order_nitrates;sort_order_phosphates;sort_order_turbidity;e_coli_total_coliform_count;instr_conductibility;instr_temperature;instr_pH;instr_dissolvedOxygen;instr_oxidationReduction;instr_turbidity;coliforms;site_name_other;fww_check;feedback_score;feedback_rating;RBD_NAME;MNCAT_NAME;county;country
13,True,1,https://services3.arcgis.com/SQtySBftABENTpkx/arcgis/rest/services/FreshWater_Watch_Validated_View/FeatureServer/0,FreshWater_Watch_Survey,esriGeometryPoint,objectid;globalid;siteName;participants;surveyGroup;surveyDate;surveyTime;freshwaterBodyType;freshwaterBodyType_other;landuseNearby;landuseNearby_other;bankVegetation;bankVegetation_other;waterSurface;pollutionSources;pollutionSources_other;wateruseNearby;wateruseNearby_other;aquaticlifeNearby;aquaticlifeNearby_other;algaeNearby;algaeNearby_other;waterFlow;waterLevel;nitrate;phosphate;waterTurbidity;waterColour;waterColour_other;validatedSurvey;publicSurvey;feedbackNote;surveyNote;CreationDate;Creator;EditDate;Editor
13,True,0,https://services3.arcgis.com/SQtySBftABENTpkx/arcgis/rest/services/Friends_of_Gledhow_Valley_Woods_Public_view/FeatureServer/0,Friends_of_Gledhow_Valley_Woods,esriGeometryPoint,objectid;globalid;group_id;group_name;audience;site_name;no_participants;sample_date;sample_time;sample_id;ecological_fw_body_type;ecological_fw_body_type_other;ecological_land_use;ecological_land_use_other;ecological_bank_vegetation;ecological_bank_vegetation_oth;ecological_water_surface;ecological_algae;ecological_litter;ecological_plastic_pollution;ecological_pollution_sources;ecological_pollution_sources_o;ecological_water_uses;ecological_water_uses_other;ecological_aquatic_life;ecological_aquatic_life_other;ecological_rain_24hours;hydrological_water_level;hydrological_no_water_observed;hydrological_water_flow;hydrological_waterway_width;chemical_no_water;chemical_nitrate;chemical_phosphate;optical_no_water;optical_secchi_turbidity;optical_colour;optical_colour_other;notes;surveylang;feedback_eng;feedback_core;Feeback_results_eng;Feeback_results_core;sort_order_nitrates;sort_order_phosphates;sort_order_turbidity;driedup_default;CreationDate;EditDate;Editor;biological_anisoptera;biological_baetidae;biological_chironomidae;biological_coleoptera;biological_diptera;biological_ephemerellidae;biological_ephemeridae;biological_ephemeroptera;biological_gammaridae;biological_gastropoda;biological_hemiptera;biological_heptageniidae;biological_hirudinea;biological_isopoda;biological_odonata;biological_oligochaeta;biological_plecoptera;biological_simuliidae;biological_tricladida;biological_zygoptera;micro_e_coli_sample;micro_faecal_coliforms;nitrate_mid;phosphate_mid
13,True,0,https://services3.arcgis.com/SQtySBftABENTpkx/arcgis/rest/services/Friends_of_Valley_Park_Public_view/FeatureServer/0,Friends_of_Valley_Park,esriGeometryPoint,objectid;globalid;group_id;group_name;audience;site_name;no_participants;sample_date;sample_time;sample_id;ecological_fw_body_type;ecological_fw_body_type_other;ecological_land_use;ecological_land_use_other;ecological_bank_vegetation;ecological_bank_vegetation_oth;ecological_water_surface;ecological_algae;ecological_litter;ecological_plastic_pollution;ecological_pollution_sources;ecological_pollution_sources_o;ecological_water_uses;ecological_water_uses_other;ecological_aquatic_life;ecological_aquatic_life_other;ecological_rain_24hours;hydrological_water_level;hydrological_no_water_observed;hydrological_water_flow;hydrological_waterway_width;chemical_no_water;chemical_nitrate;chemical_phosphate;optical_no_water;optical_secchi_turbidity;optical_colour;optical_colour_other;notes;surveylang;feedback_eng;feedback_core;Feeback_results_eng;Feeback_results_core;sort_order_nitrates;sort_order_phosphates;sort_order_turbidity;driedup_default;CreationDate;Creator;EditDate;Editor
13,True,0,https://services3.arcgis.com/SQtySBftABENTpkx/arcgis/rest/services/Fulham_Reach_Boat_Club_FreshWater_Watch_Public_view/FeatureServer/0,Fulham_Reach_Boat_Club_FreshWater_Watch,esriGeometryPoint,objectid;globalid;group_id;group_name;audience;site_name;no_participants;sample_date;sample_time;sample_id;ecological_fw_body_type;ecological_fw_body_type_other;ecological_land_use;ecological_land_use_other;ecological_bank_vegetation;ecological_bank_vegetation_oth;ecological_water_surface;ecological_algae;ecological_litter;ecological_plastic_pollution;ecological_pollution_sources;ecological_pollution_sources_o;ecological_water_uses;ecological_water_uses_other;ecological_aquatic_life;ecological_aquatic_life_other;ecological_rain_24hours;hydrological_water_level;hydrological_no_water_observed;hydrological_water_flow;hydrological_waterway_width;chemical_no_water;chemical_nitrate;chemical_phosphate;optical_no_water;optical_secchi_turbidity;optical_colour;optical_colour_other;notes;surveylang;feedback_eng;feedback_core;Feeback_results_eng;Feeback_results_core;sort_order_nitrates;sort_order_phosphates;sort_order_turbidity;driedup_default;CreationDate;EditDate;chemical_test_strip_nitrate;chemical_test_strip_phosphate;micro_e_coli_bacteria;micro_e_coli_sample
9,True,0,https://services3.arcgis.com/SQtySBftABENTpkx/arcgis/rest/services/GP_Friends_of_Lyme_Brook_Public_view2/FeatureServer/0,DataImport,esriGeometryPoint,OBJECTID;surveylang;Creator;Editor;sample_id;Image_ID;feedback_core;feedback_eng;EditDate;group_id;group_name;audience;no_participants;site_name;submitted_date;sample_date;sample_time;Lat;Long;notes;ecological_fw_body_type;ecological_fw_body_type_other;ecological_land_use;ecological_land_use_other;ecological_bank_vegetation;ecological_bank_vegetation_oth;ecological_water_surface;ecological_litter;ecological_pollution_sources;ecological_pollution_sources_o;ecological_water_uses;ecological_water_uses_other;ecological_aquatic_life;ecological_aquatic_life_other;ecological_algae;hydrological_water_flow;hydrological_water_level;chemical_nitrate;chemical_phosphate;optical_secchi_turbidity;optical_colour;optical_colour_other;GlobalID;Feeback_results_eng;Feeback_results_core;chemical_nitrate_greater_10;hydrological_waterway_width;ecological_rain_24hours;ecological_plastic_pollution
9,True,0,https://services3.arcgis.com/SQtySBftABENTpkx/arcgis/rest/services/GP_LaGora_Public_view_2/FeatureServer/5,DataImport,esriGeometryPoint,OBJECTID;surveylang;Creator;Editor;sample_id;Image_ID;feedback_core;feedback_eng;EditDate;group_id;group_name;audience;no_participants;site_name;submitted_date;sample_date;sample_time;Lat;Long;notes;ecological_fw_body_type;ecological_fw_body_type_other;ecological_land_use;ecological_land_use_other;ecological_bank_vegetation;ecological_bank_vegetation_oth;ecological_water_surface;ecological_litter;ecological_pollution_sources;ecological_pollution_sources_o;ecological_water_uses;ecological_water_uses_other;ecological_aquatic_life;ecological_aquatic_life_other;ecological_algae;ecological_sample_bottle_no;hydrological_water_flow;hydrological_water_level;chemical_nitrate;chemical_nitrate_greater_10;chemical_phosphate;optical_secchi_turbidity;optical_colour;optical_colour_other;GlobalID;Feeback_results_eng;Feeback_results_core;hydrological_waterway_width;ecological_rain_24hours;ecological_plastic_pollution
9,True,0,https://services3.arcgis.com/SQtySBftABENTpkx/arcgis/rest/services/GP_Tanzania_Public_view/FeatureServer/0,DataImport,esriGeometryPoint,OBJECTID;surveylang;Creator;Editor;sample_id;Image_ID;feedback_core;feedback_eng;EditDate;group_id;group_name;audience;no_participants;site_name;submitted_date;sample_date;sample_time;Lat;Long;notes;ecological_fw_body_type;ecological_fw_body_type_other;ecological_land_use;ecological_land_use_other;ecological_bank_vegetation;ecological_bank_vegetation_oth;ecological_water_surface;ecological_litter;ecological_pollution_sources;ecological_pollution_sources_o;ecological_water_uses;ecological_water_uses_other;ecological_aquatic_life;ecological_aquatic_life_other;ecological_algae;hydrological_water_flow;hydrological_water_level;chemical_nitrate;chemical_nitrate_greater_10;chemical_phosphate;optical_secchi_turbidity;optical_colour;optical_colour_other;GlobalID;Feeback_results_eng;Feeback_results_core;feedback_swahili;hydrological_waterway_width;ecological_rain_24hours;ecological_plastic_pollution
9,True,0,https://services3.arcgis.com/SQtySBftABENTpkx/arcgis/rest/services/GP_The_Maigue_Rivers_Trust_Public_view/FeatureServer/5,DataImport,esriGeometryPoint,OBJECTID;surveylang;Editor;sample_id;Image_ID;feedback_core;feedback_eng;EditDate;group_id;group_name;audience;no_participants;site_name;submitted_date;sample_date;sample_time;Lat;Long;notes;ecological_fw_body_type;ecological_fw_body_type_other;ecological_land_use;ecological_land_use_other;ecological_bank_vegetation;ecological_bank_vegetation_oth;ecological_water_surface;ecological_litter;ecological_pollution_sources;ecological_pollution_sources_o;ecological_water_uses;ecological_water_uses_other;ecological_aquatic_life;ecological_aquatic_life_other;ecological_algae;hydrological_water_flow;hydrological_water_level;chemical_nitrate;chemical_nitrate_greater_10;chemical_phosphate;optical_secchi_turbidity;optical_colour;optical_colour_other;GlobalID;Feeback_results_eng;Feeback_results_core;hydrological_waterway_width;ecological_rain_24hours;ecological_plastic_pollution;sort_order_nitrates;sort_order_phosphates;sort_order_turbidity
9,True,0,https://services3.arcgis.com/SQtySBftABENTpkx/arcgis/rest/services/GP_University_College_Cork_Public_View2/FeatureServer/5,DataImport,esriGeometryPoint,OBJECTID;surveylang;Creator;Editor;sample_id;Image_ID;feedback_core;feedback_eng;EditDate;group_id;group_name;audience;no_participants;site_name;submitted_date;sample_date;sample_time;Lat;Long;notes;ecological_fw_body_type;ecological_fw_body_type_other;ecological_land_use;ecological_land_use_other;ecological_bank_vegetation;ecological_bank_vegetation_oth;ecological_water_surface;ecological_litter;ecological_pollution_sources;ecological_pollution_sources_o;ecological_water_uses;ecological_water_uses_other;ecological_aquatic_life;ecological_aquatic_life_other;ecological_algae;hydrological_water_flow;hydrological_water_level;chemical_nitrate;chemical_nitrate_greater_10;chemical_phosphate;optical_secchi_turbidity;optical_colour;optical_colour_other;GlobalID;Feeback_results_eng;Feeback_results_core;hydrological_waterway_width;ecological_rain_24hours;ecological_plastic_pollution;sort_order_nitrates;sort_order_phosphates;sort_order_turbidity
13,True,6424,https://services3.arcgis.com/SQtySBftABENTpkx/arcgis/rest/services/Global_Data_Set_(vs)_Public_view/FeatureServer/0,Global_Data_Set_XvsX,esriGeometryPoint,objectid;globalid;group_id;group_name;audience;site_name;sample_date;sample_time;sample_id;no_participants;ecological_fw_body_type;ecological_fw_body_type_other;ecological_land_use;ecological_land_use_other;ecological_bank_vegetation;ecological_bank_vegetation_oth;ecological_vegetation_cover;ecological_river_water_crowfoot;ecological_floating_water_plant;ecological_australian_swamp;ecological_swamp_crassula;ecological_floating_pennywort;ecological_himalayan_balsam;ecological_invasive_species;ecological_invasive_species_oth;ecological_water_surface;ecological_algae;ecological_litter;ecological_plastic_pollution;ecological_pollution_sources;ecological_pollution_sources_o;ecological_water_uses;ecological_water_uses_other;ecological_aquatic_life;ecological_aquatic_life_other;ecological_rain_24hours;ecological_sample_bottle_no;hydrological_water_flow;hydrological_water_level;hydrological_waterway_depth;hydrological_waterway_width_old;hydrological_waterway_width;hydrological_water_velocity;chemical_nitrate;chemical_nitrate_greater_10;chemical_phosphate;chemical_alkalinity;chemical_ammonia;chemical_ammonium;chemical_arsenic;chemical_bod;chemical_cod;chemical_chlorophyll;chemical_chromium;chemical_conductivity;chemical_dissolved_oxygen_per;chemical_dissolved_oxygen_mg;chemical_hardness;chemical_lead;chemical_nitrates;chemical_nitrite;chemical_orthophosphates;chemical_ph;chemical_potassium;chemical_salinity_ppt;chemical_sediment_organic_matter;chemical_dissolved_solids;chemical_tryptophan;chemical_turbidity;chemical_water_temp;optical_secchi_turbidity;optical_colour;optical_colour_other;biological_anisoptera;biological_baetidae;biological_chironomidae;biological_decapoda;biological_diptera;biological_ephemerellidae;biological_ephemeridae;biological_ephemeroptera;biological_gammaridae;biological_gastropoda;biological_hemiptera_coleoptera;biological_heptageniidae;biological_hirudinea;biological_odonata;biological_oligochaeta;biological_plecoptera;biological_simuliidae;biological_trichoptera_cased;biological_trichoptera_caseless;biological_tricladida;biological_zygoptera;litter_dumping_activities;litter_medical_hygiene;litter_other_debris;litter_outdoor_activities;litter_shoreline_recreational;litter_smoking;litter_peculiar;meteor_rain_events;meteor_atmospheric_conditions;meteor_air_temp;meteor_wind;micro_coliform_bacteria;micro_e_coli_bacteria;micro_e_coli_sample;micro_faecal_coliforms;micro_plate_photograph;micro_phytoplankton;micro_bottle_no;portable_water_odour;portable_water_taste;portable_water_borehole;portable_microplastics_sample_id;surveylang;feedback_eng;feedback_core;feedback_swahili;Feeback_results_eng;Feeback_results_core;CreationDate;EditDate;notes;submitted_date;sort_order_nitrates;sort_order_phosphates;sort_order_turbidity;feedback_rating;country;feedback_score;county;RBD_NAME;MNCAT_NAME;nitrate_mid;phosphate_mid;photo_url
13,True,0,https://services3.arcgis.com/SQtySBftABENTpkx/arcgis/rest/services/Goring_Gap_Environmental_Organisation_GGEO_Publicview/FeatureServer/0,Goring_Gap_Environmental_Organisation_XGGEOX,esriGeometryPoint,objectid;globalid;group_id;group_name;audience;site_name;no_participants;sample_date;sample_time;sample_id;ecological_fw_body_type;ecological_fw_body_type_other;ecological_land_use;ecological_land_use_other;ecological_bank_vegetation;ecological_bank_vegetation_oth;ecological_water_surface;ecological_algae;ecological_litter;ecological_plastic_pollution;ecological_pollution_sources;ecological_pollution_sources_o;ecological_water_uses;ecological_water_uses_other;ecological_aquatic_life;ecological_aquatic_life_other;ecological_rain_24hours;hydrological_water_level;hydrological_no_water_observed;hydrological_water_flow;hydrological_waterway_width;chemical_no_water;chemical_nitrate;chemical_phosphate;optical_no_water;optical_secchi_turbidity;optical_colour;optical_colour_other;notes;surveylang;feedback_eng;feedback_core;Feeback_results_eng;Feeback_results_core;sort_order_nitrates;sort_order_phosphates;sort_order_turbidity;driedup_default;CreationDate;EditDate;lat_loc;lon_loc;what3words;nitrate_mid;phosphate_mid;feedback_score;feedback_rating;RBD_NAME;MNCAT_NAME;county;country
13,True,0,https://services3.arcgis.com/SQtySBftABENTpkx/arcgis/rest/services/Great_UK_WaterBlitz_Public_View_New/FeatureServer/0,Thames_WaterBlitz_Spring_2024,esriGeometryPoint,objectid;globalid;group_id;group_name;audience;site_name;no_participants;sample_date;sample_time;sample_id;ecological_fw_body_type;ecological_fw_body_type_other;ecological_land_use;ecological_land_use_other;ecological_bank_vegetation;ecological_bank_vegetation_oth;ecological_water_surface;ecological_algae;ecological_litter;ecological_plastic_pollution;ecological_pollution_sources;ecological_pollution_sources_o;ecological_water_uses;ecological_water_uses_other;ecological_aquatic_life;ecological_aquatic_life_other;ecological_rain_24hours;chemical_nitrate;chemical_phosphate;optical_secchi_turbidity;optical_colour;optical_colour_other;notes;surveylang;CreationDate;sort_order_nitrates;sort_order_phosphates;sort_order_turbidity;Feeback_results_eng;liability_waiver;privacy_policy;optical_imperial_test;hydrological_water_level;feedback_eng;feedback_core;ecoli_intro;ecoli_home_test;ecoli_lab_test;ecoli_other;ecoli_home_test_2;ecoli_home_test_3;ecoli_home_test_avg;RBD_NAME;MNCAT_NAME;ecoli_testing_check;county;country;nitrate_mid;phosphate_mid;lab_test_check;QC;id_number;participant_adult;participant_child;nitrate_binary;phosphate_binary;gukwb_rating;ph_value;name_of_group;ph_image
13,True,1133,https://services3.arcgis.com/SQtySBftABENTpkx/arcgis/rest/services/Great_UK_WaterBlitz_QC_view/FeatureServer/0,Thames_WaterBlitz_Spring_2024,esriGeometryPoint,objectid;globalid;group_id;group_name;sample_date;sample_time;EditDate;QC;id_number;participant_adult;participant_child;nitrate_binary;phosphate_binary;gukwb_rating;ph_value;name_of_group;ph_image
13,True,1133,https://services3.arcgis.com/SQtySBftABENTpkx/arcgis/rest/services/Great_UK_WaterBlitz_ecoli_view/FeatureServer/0,Thames_WaterBlitz_Spring_2024,esriGeometryPoint,objectid;globalid;site_name;sample_date;sample_time;sample_id;optical_imperial_test;ecoli_intro;ecoli_home_test;ecoli_lab_test;ecoli_other;ecoli_home_test_2;ecoli_home_test_3;ecoli_home_test_avg;RBD_NAME;MNCAT_NAME;ecoli_testing_check;county;country;nitrate_mid;phosphate_mid;lab_test_check;QC;id_number;participant_adult;participant_child;nitrate_binary;phosphate_binary;gukwb_rating;ph_value;name_of_group;ph_image
13,True,0,https://services3.arcgis.com/SQtySBftABENTpkx/arcgis/rest/services/Group_Ballinderry_Rivers_Trust_Public_view/FeatureServer/0,GP_Ballinderry_Rivers_Trust,esriGeometryPoint,objectid;globalid;group_id;group_name;audience;site_name;sample_date;sample_time;sample_id;no_participants;ecological_fw_body_type;ecological_fw_body_type_other;ecological_land_use;ecological_land_use_other;ecological_bank_vegetation;ecological_bank_vegetation_oth;ecological_water_surface;ecological_pollution_sources;ecological_pollution_sources_o;ecological_water_uses;ecological_water_uses_other;ecological_aquatic_life;ecological_aquatic_life_other;ecological_algae;ecological_litter;hydrological_water_flow;hydrological_water_level;chemical_nitrate;chemical_nitrate_greater_10;chemical_phosphate;optical_secchi_turbidity;optical_colour;optical_colour_other;notes;surveylang;Feeback_results_eng;Feeback_results_core;CreationDate;Creator;EditDate;Editor;feedback_core;feedback_eng
13,True,0,https://services3.arcgis.com/SQtySBftABENTpkx/arcgis/rest/services/Group_ERA_-_Eco_Rother_Action_Public_view/FeatureServer/0,River_Roding_Trust,esriGeometryPoint,objectid;globalid;group_id;group_name;audience;site_name;sample_date;sample_time;sample_id;no_participants;ecological_fw_body_type;ecological_fw_body_type_other;ecological_land_use;ecological_land_use_other;ecological_bank_vegetation;ecological_bank_vegetation_oth;ecological_water_surface;ecological_algae;ecological_litter;ecological_plastic_pollution;ecological_pollution_sources;ecological_pollution_sources_o;ecological_water_uses;ecological_water_uses_other;ecological_aquatic_life;ecological_aquatic_life_other;ecological_rain_24hours;hydrological_water_flow;hydrological_water_level;hydrological_waterway_width;chemical_nitrate;chemical_nitrate_greater_10;chemical_phosphate;optical_secchi_turbidity;optical_colour;optical_colour_other;notes;surveylang;Feeback_results_eng;Feeback_results_core;CreationDate;EditDate;Editor;feedback_core;feedback_eng;sort_order_nitrates;sort_order_phosphates;sort_order_turbidity
13,True,1,https://services3.arcgis.com/SQtySBftABENTpkx/arcgis/rest/services/Group_Evenlode_WaterBlitz_June_2022_Public_view/FeatureServer/0,GP_Evenlode_WaterBlitz_June_2022,esriGeometryPoint,objectid;globalid;group_id;group_name;audience;site_name;sample_date;sample_time;sample_id;no_participants;ecological_fw_body_type;ecological_fw_body_type_other;ecological_land_use;ecological_land_use_other;ecological_bank_vegetation;ecological_bank_vegetation_oth;ecological_water_surface;ecological_pollution_sources;ecological_pollution_sources_o;ecological_water_uses;ecological_water_uses_other;ecological_aquatic_life;ecological_aquatic_life_other;ecological_algae;ecological_litter;hydrological_water_flow;hydrological_water_level;chemical_nitrate;chemical_nitrate_greater_10;chemical_phosphate;optical_secchi_turbidity;optical_colour;optical_colour_other;notes;surveylang;Feeback_results_eng;Feeback_results_core;CreationDate;Creator;EditDate;Editor;feedback_eng;feedback_core
13,True,0,https://services3.arcgis.com/SQtySBftABENTpkx/arcgis/rest/services/Group_Lagan_Rivers_Trust_Public_view/FeatureServer/0,GP_Lagan_Rivers_Trust,esriGeometryPoint,objectid;globalid;group_id;group_name;audience;site_name;sample_date;sample_time;sample_id;no_participants;ecological_fw_body_type;ecological_fw_body_type_other;ecological_land_use;ecological_land_use_other;ecological_bank_vegetation;ecological_bank_vegetation_oth;ecological_water_surface;ecological_pollution_sources;ecological_pollution_sources_o;ecological_water_uses;ecological_water_uses_other;ecological_aquatic_life;ecological_aquatic_life_other;ecological_algae;ecological_litter;hydrological_water_flow;hydrological_water_level;chemical_nitrate;chemical_nitrate_greater_10;chemical_phosphate;optical_secchi_turbidity;optical_colour;optical_colour_other;notes;surveylang;Feeback_results_eng;Feeback_results_core;CreationDate;Creator;EditDate;Editor;feedback_eng;feedback_core
13,True,0,https://services3.arcgis.com/SQtySBftABENTpkx/arcgis/rest/services/Group_Severn_Water_Watch_Public_view/FeatureServer/0,GP_Severn_Water_Watch,esriGeometryPoint,objectid;globalid;group_id;group_name;audience;site_name;sample_date;sample_time;sample_id;no_participants;ecological_fw_body_type;ecological_fw_body_type_other;ecological_land_use;ecological_land_use_other;ecological_bank_vegetation;ecological_bank_vegetation_oth;ecological_water_surface;ecological_algae;ecological_litter;ecological_plastic_pollution;ecological_pollution_sources;ecological_pollution_sources_o;ecological_water_uses;ecological_water_uses_other;ecological_aquatic_life;ecological_aquatic_life_other;ecological_rain_24hours;hydrological_water_flow;hydrological_water_level;hydrological_waterway_width;chemical_nitrate;chemical_nitrate_greater_10;chemical_phosphate;optical_secchi_turbidity;optical_colour;optical_colour_other;notes;surveylang;Feeback_results_eng;Feeback_results_core;CreationDate;EditDate;Editor;feedback_eng;feedback_core;sort_order_nitrates;sort_order_phosphates;sort_order_turbidity
9,True,0,https://services3.arcgis.com/SQtySBftABENTpkx/arcgis/rest/services/Group_Stevia_Farmers_China_Public_view/FeatureServer/0,GP_Stevia_Farmers_China,esriGeometryPoint,objectid;globalid;group_id;group_name;audience;site_name;sample_date;sample_time;sample_id;no_participants;ecological_fw_body_type;ecological_fw_body_type_other;ecological_land_use;ecological_land_use_other;ecological_bank_vegetation;ecological_bank_vegetation_oth;ecological_water_surface;ecological_litter;ecological_pollution_sources;ecological_pollution_sources_o;ecological_water_uses;ecological_water_uses_other;ecological_aquatic_life;ecological_aquatic_life_other;ecological_algae;hydrological_water_flow;hydrological_water_level;chemical_nitrate;chemical_nitrate_greater_10;chemical_phosphate;optical_secchi_turbidity;optical_colour;optical_colour_other;notes;surveylang;Feeback_results_eng;Feeback_results_core;CreationDate;Creator;EditDate;Editor;feedback_eng;feedback_core
13,True,0,https://services3.arcgis.com/SQtySBftABENTpkx/arcgis/rest/services/Group_Sweden_WaterBlitz_June_2022_Public_view/FeatureServer/0,GP_Sweden_WaterBlitz_June_2022,esriGeometryPoint,objectid;globalid;group_id;group_name;audience;site_name;sample_date;sample_time;sample_id;no_participants;ecological_fw_body_type;ecological_fw_body_type_other;ecological_land_use;ecological_land_use_other;ecological_bank_vegetation;ecological_bank_vegetation_oth;ecological_water_surface;ecological_pollution_sources;ecological_pollution_sources_o;ecological_water_uses;ecological_water_uses_other;ecological_aquatic_life;ecological_aquatic_life_other;ecological_algae;ecological_litter;hydrological_water_flow;hydrological_water_level;chemical_nitrate;chemical_nitrate_greater_10;chemical_phosphate;optical_secchi_turbidity;optical_colour;optical_colour_other;notes;surveylang;Feeback_results_eng;Feeback_results_core;CreationDate;Creator;EditDate;Editor;feedback_eng;feedback_core
13,True,0,https://services3.arcgis.com/SQtySBftABENTpkx/arcgis/rest/services/Group_Ver_Valley_Society_Public_view/FeatureServer/0,Ver_Valley_Society,esriGeometryPoint,objectid;globalid;group_id;group_name;audience;site_name;sample_date;sample_time;sample_id;no_participants;ecological_fw_body_type;ecological_fw_body_type_other;ecological_land_use;ecological_land_use_other;ecological_bank_vegetation;ecological_bank_vegetation_oth;ecological_water_surface;ecological_algae;ecological_litter;ecological_plastic_pollution;ecological_pollution_sources;ecological_pollution_sources_o;ecological_water_uses;ecological_water_uses_other;ecological_aquatic_life;ecological_aquatic_life_other;ecological_rain_24hours;hydrological_water_flow;hydrological_water_level;hydrological_waterway_width;chemical_nitrate;chemical_nitrate_greater_10;chemical_phosphate;optical_secchi_turbidity;optical_colour;optical_colour_other;notes;surveylang;Feeback_results_eng;Feeback_results_core;CreationDate;EditDate;Editor;feedback_eng;feedback_core;sort_order_nitrates;sort_order_phosphates;sort_order_turbidity
13,True,0,https://services3.arcgis.com/SQtySBftABENTpkx/arcgis/rest/services/Gwynedd_FreshWater_Watchers_Public_view/FeatureServer/0,Gwynedd_FreshWater_Watchers,esriGeometryPoint,objectid;globalid;group_id;group_name;audience;site_name;no_participants;sample_date;sample_time;sample_id;ecological_fw_body_type;ecological_fw_body_type_other;ecological_land_use;ecological_land_use_other;ecological_bank_vegetation;ecological_bank_vegetation_oth;ecological_water_surface;ecological_algae;ecological_litter;ecological_plastic_pollution;ecological_pollution_sources;ecological_pollution_sources_o;ecological_water_uses;ecological_water_uses_other;ecological_aquatic_life;ecological_aquatic_life_other;ecological_rain_24hours;hydrological_water_level;hydrological_no_water_observed;hydrological_water_flow;hydrological_waterway_width;chemical_no_water;chemical_nitrate;chemical_phosphate;optical_no_water;optical_secchi_turbidity;optical_colour;optical_colour_other;notes;results_confirmation;surveylang;feedback_eng;feedback_core;Feeback_results_eng;Feeback_results_core;sort_order_nitrates;sort_order_phosphates;sort_order_turbidity;driedup_default;nitrate_mid;phosphate_mid;feedback_score;feedback_rating;RBD_NAME;MNCAT_NAME;county;country
13,True,0,https://services3.arcgis.com/SQtySBftABENTpkx/arcgis/rest/services/Ilen_River_Nature_Matters_Public_View/FeatureServer/0,Ilen_River_Nature_Matters,esriGeometryPoint,objectid;globalid;group_id;group_name;audience;site_name;no_participants;sample_date;sample_time;sample_id;ecological_fw_body_type;ecological_fw_body_type_other;ecological_land_use;ecological_land_use_other;ecological_bank_vegetation;ecological_bank_vegetation_oth;ecological_water_surface;ecological_algae;ecological_litter;ecological_plastic_pollution;ecological_pollution_sources;ecological_pollution_sources_o;ecological_water_uses;ecological_water_uses_other;ecological_aquatic_life;ecological_aquatic_life_other;ecological_rain_24hours;hydrological_water_level;hydrological_no_water_observed;hydrological_water_flow;hydrological_waterway_width;chemical_no_water;chemical_nitrate;chemical_phosphate;optical_no_water;optical_secchi_turbidity;optical_colour;optical_colour_other;notes;surveylang;feedback_eng;feedback_core;Feeback_results_eng;Feeback_results_core;sort_order_nitrates;sort_order_phosphates;sort_order_turbidity;driedup_default;CreationDate;Creator;EditDate;Editor
13,True,0,https://services3.arcgis.com/SQtySBftABENTpkx/arcgis/rest/services/Irish_WaterBlitz_2022_2_view/FeatureServer/0,Irish_WaterBlitz_2022,esriGeometryPoint,objectid;globalid;group_id;group_name;audience;site_name;sample_date;sample_time;sample_id;no_participants;ecological_fw_body_type;ecological_fw_body_type_other;ecological_land_use;ecological_land_use_other;ecological_bank_vegetation;ecological_bank_vegetation_oth;ecological_water_surface;ecological_algae;chemical_nitrate;chemical_nitrate_greater_10;chemical_phosphate;optical_secchi_turbidity;optical_colour;optical_colour_other;notes;surveylang;Feeback_results_eng;Feeback_results_core;CreationDate;Creator;EditDate;Editor;feedback_core;feedback_eng
13,True,0,https://services3.arcgis.com/SQtySBftABENTpkx/arcgis/rest/services/Maynooth FreshWater Watch Group Public View/FeatureServer/0,Maynooth_FreshWater_Watch_Group,esriGeometryPoint,objectid;globalid;group_id;group_name;audience;site_name;no_participants;sample_date;sample_time;sample_id;ecological_fw_body_type;ecological_fw_body_type_other;ecological_land_use;ecological_land_use_other;ecological_bank_vegetation;ecological_bank_vegetation_oth;ecological_water_surface;ecological_algae;ecological_litter;ecological_plastic_pollution;ecological_pollution_sources;ecological_pollution_sources_o;ecological_water_uses;ecological_water_uses_other;ecological_aquatic_life;ecological_aquatic_life_other;ecological_rain_24hours;hydrological_water_level;hydrological_no_water_observed;hydrological_water_flow;hydrological_waterway_width;chemical_no_water;chemical_nitrate;chemical_phosphate;nitrate_mid;phosphate_mid;optical_no_water;optical_secchi_turbidity;optical_colour;optical_colour_other;notes;surveylang;feedback_eng;feedback_core;Feeback_results_eng;Feeback_results_core;sort_order_nitrates;sort_order_phosphates;sort_order_turbidity;driedup_default;CreationDate;Creator;EditDate;Editor
13,True,10,https://services3.arcgis.com/SQtySBftABENTpkx/arcgis/rest/services/Oxfordshire_Clean_Rivers_Initiative_Public_View/FeatureServer/0,Oxfordshire_Clean_Rivers_Initiative,esriGeometryPoint,objectid;globalid;group_id;group_name;audience;site_name;no_participants;sample_date;sample_time;sample_id;ecological_fw_body_type;ecological_fw_body_type_other;ecological_land_use;ecological_land_use_other;ecological_bank_vegetation;ecological_bank_vegetation_oth;ecological_water_surface;ecological_algae;ecological_litter;ecological_plastic_pollution;ecological_pollution_sources;ecological_pollution_sources_o;ecological_water_uses;ecological_water_uses_other;ecological_aquatic_life;ecological_aquatic_life_other;ecological_rain_24hours;hydrological_water_level;hydrological_no_water_observed;hydrological_water_flow;hydrological_waterway_width;chemical_no_water;chemical_nitrate;chemical_phosphate;optical_no_water;optical_secchi_turbidity;optical_colour;optical_colour_other;notes;surveylang;feedback_eng;feedback_core;Feeback_results_eng;Feeback_results_core;sort_order_nitrates;sort_order_phosphates;sort_order_turbidity;driedup_default;CreationDate;e_coli_total_coliform_count;nitrate_mid;phosphate_mid;feedback_score;feedback_rating;RBD_NAME;MNCAT_NAME;county;country
3,False,0,https://services3.arcgis.com/SQtySBftABENTpkx/arcgis/rest/services/Parma WaterBlitz Public View/FeatureServer/0,Public_Registration___Parma_WaterBlitz_October_2025,esriGeometryPoint,objectid;globalid;welcome;reason_take_part;hear_about;account_required;kit_required;address;address1;address2;town_city;postcode;liability_waiver;privacy_policy;your_data;date_submitted;CreationDate
13,True,0,https://services3.arcgis.com/SQtySBftABENTpkx/arcgis/rest/services/Pembrokeshire_FreshWater_Watchers_Public_view/FeatureServer/0,Pembrokeshire_FreshWater_Watchers,esriGeometryPoint,objectid;globalid;group_id;group_name;audience;site_name;no_participants;sample_date;sample_time;sample_id;ecological_fw_body_type;ecological_fw_body_type_other;ecological_land_use;ecological_land_use_other;ecological_bank_vegetation;ecological_bank_vegetation_oth;ecological_water_surface;ecological_algae;ecological_litter;ecological_plastic_pollution;ecological_pollution_sources;ecological_pollution_sources_o;ecological_water_uses;ecological_water_uses_other;ecological_aquatic_life;ecological_aquatic_life_other;ecological_rain_24hours;hydrological_water_level;hydrological_no_water_observed;hydrological_water_flow;hydrological_waterway_width;chemical_no_water;chemical_nitrate;chemical_phosphate;optical_no_water;optical_secchi_turbidity;optical_colour;optical_colour_other;notes;results_confirmation;surveylang;feedback_eng;feedback_core;Feeback_results_eng;sort_order_nitrates;sort_order_phosphates;sort_order_turbidity;driedup_default;nitrate_mid;phosphate_mid;feedback_score;feedback_rating;RBD_NAME;MNCAT_NAME;county;country
13,True,0,https://services3.arcgis.com/SQtySBftABENTpkx/arcgis/rest/services/Results_for_Parma_WaterBlitz_Public_view/FeatureServer/0,Results_for_Parma_WaterBlitz,esriGeometryPoint,objectid;globalid;group_id;group_name;audience;site_name;participant_adult;participant_child;no_participants;sample_date;sample_time;sample_id;ecological_fw_body_type;ecological_fw_body_type_other;ecological_land_use;ecological_land_use_other;ecological_bank_vegetation;ecological_bank_vegetation_oth;ecological_water_surface;ecological_algae;ecological_litter;ecological_plastic_pollution;ecological_pollution_sources;ecological_pollution_sources_o;ecological_water_uses;ecological_water_uses_other;ecological_aquatic_life;ecological_aquatic_life_other;ecological_rain_24hours;optical_colour;optical_colour_other;optical_imperial_test;chemical_nitrate;chemical_phosphate;nitrate_mid;phosphate_mid;nitrate_binary;phosphate_binary;gukwb_rating;notes;surveylang;RBD_NAME;MNCAT_NAME;county;country;CreationDate;sort_order_nitrates;sort_order_phosphates;sort_order_turbidity;feedback_eng;feedback_core;hydrological_water_level;optical_secchi_turbidity
13,True,0,https://services3.arcgis.com/SQtySBftABENTpkx/arcgis/rest/services/River_Deel_WaterBlitz_April_2023_Public_view/FeatureServer/0,White_Strand_Foroige_FreshWater_Watch,esriGeometryPoint,objectid;globalid;group_id;group_name;audience;site_name;no_participants;sample_date;sample_time;sample_id;ecological_fw_body_type;ecological_fw_body_type_other;ecological_land_use;ecological_land_use_other;ecological_bank_vegetation;ecological_bank_vegetation_oth;ecological_water_surface;ecological_algae;ecological_litter;ecological_plastic_pollution;ecological_pollution_sources;ecological_pollution_sources_o;ecological_water_uses;ecological_water_uses_other;ecological_aquatic_life;ecological_aquatic_life_other;ecological_rain_24hours;chemical_no_water;chemical_nitrate;chemical_phosphate;optical_no_water;optical_secchi_turbidity;optical_colour;optical_colour_other;notes;surveylang;feedback_eng;feedback_core;Feeback_results_eng;Feeback_results_core;sort_order_nitrates;sort_order_phosphates;sort_order_turbidity;driedup_default;CreationDate;EditDate;Editor;hydrological_water_level;hydrological_no_water_observed;hydrological_water_flow;hydrological_waterway_width
11,True,0,https://services3.arcgis.com/SQtySBftABENTpkx/arcgis/rest/services/River_Deel_WaterBlitz_December_2024_Public_View/FeatureServer/0,River_Deel_WaterBlitz_December_2024,esriGeometryPoint,objectid;globalid;group_id;group_name;audience;email_address;site_name;no_participants;sample_date;sample_time;sample_id;ecological_fw_body_type;ecological_fw_body_type_other;ecological_land_use;ecological_land_use_other;ecological_bank_vegetation;ecological_bank_vegetation_oth;ecological_water_surface;ecological_algae;ecological_litter;ecological_plastic_pollution;ecological_pollution_sources;ecological_pollution_sources_o;ecological_water_uses;ecological_water_uses_other;ecological_aquatic_life;ecological_aquatic_life_other;ecological_rain_24hours;chemical_nitrate;chemical_phosphate;nitrate_mid;phosphate_mid;optical_secchi_turbidity;optical_colour;optical_colour_other;notes;surveylang;feedback_eng;sort_order_nitrates;sort_order_phosphates;feedback_core;hydrological_water_level
13,True,0,https://services3.arcgis.com/SQtySBftABENTpkx/arcgis/rest/services/River_Deel_WaterBlitz_May_2024_Public_View/FeatureServer/0,River_Deel_WaterBlitz_May_2024,esriGeometryPoint,objectid;globalid;group_id;group_name;audience;site_name;no_participants;sample_date;sample_time;sample_id;ecological_fw_body_type;ecological_fw_body_type_other;ecological_land_use;ecological_land_use_other;ecological_bank_vegetation;ecological_bank_vegetation_oth;ecological_water_surface;ecological_algae;ecological_litter;ecological_plastic_pollution;ecological_pollution_sources;ecological_pollution_sources_o;ecological_water_uses;ecological_water_uses_other;ecological_aquatic_life;ecological_aquatic_life_other;ecological_rain_24hours;chemical_nitrate;chemical_phosphate;optical_secchi_turbidity;optical_colour;optical_colour_other;notes;surveylang;CreationDate;sort_order_nitrates;sort_order_phosphates;sort_order_turbidity;feedback_eng;feedback_core;hydrological_water_level
13,True,0,https://services3.arcgis.com/SQtySBftABENTpkx/arcgis/rest/services/River_Deel_WaterBlitz_October_2023_Public_View/FeatureServer/0,River_Deel_WaterBlitz_October_2023,esriGeometryPoint,objectid;globalid;group_id;group_name;audience;site_name;no_participants;sample_date;sample_time;sample_id;ecological_fw_body_type;ecological_fw_body_type_other;ecological_land_use;ecological_land_use_other;ecological_bank_vegetation;ecological_bank_vegetation_oth;ecological_water_surface;ecological_algae;ecological_litter;ecological_plastic_pollution;ecological_pollution_sources;ecological_pollution_sources_o;ecological_water_uses;ecological_water_uses_other;ecological_aquatic_life;ecological_aquatic_life_other;ecological_rain_24hours;chemical_nitrate;chemical_phosphate;optical_secchi_turbidity;optical_colour;optical_colour_other;notes;surveylang;CreationDate;EditDate;Editor;sort_order_nitrates;sort_order_phosphates;sort_order_turbidity;driedup_default;feedback_eng;feedback_core;hydrological_water_level
13,True,0,https://services3.arcgis.com/SQtySBftABENTpkx/arcgis/rest/services/River_Deel_WaterBlitz_September_2022_Public_view/FeatureServer/0,River_Deel_WaterBlitz_September_2022,esriGeometryPoint,objectid;globalid;group_id;group_name;audience;site_name;sample_date;sample_time;sample_id;no_participants;ecological_fw_body_type;ecological_fw_body_type_other;ecological_land_use;ecological_land_use_other;ecological_bank_vegetation;ecological_bank_vegetation_oth;ecological_water_surface;ecological_algae;chemical_nitrate;chemical_nitrate_greater_10;chemical_phosphate;optical_secchi_turbidity;optical_colour;optical_colour_other;notes;surveylang;Feeback_results_eng;Feeback_results_core;CreationDate;Creator;EditDate;Editor;feedback_eng;feedback_core
13,True,0,https://services3.arcgis.com/SQtySBftABENTpkx/arcgis/rest/services/Roundhay_FreshWater_Watch_Public_view/FeatureServer/0,Roundhay_FreshWater_Watch,esriGeometryPoint,objectid;globalid;group_id;group_name;audience;site_name;no_participants;sample_date;sample_time;sample_id;ecological_fw_body_type;ecological_fw_body_type_other;ecological_land_use;ecological_land_use_other;ecological_bank_vegetation;ecological_bank_vegetation_oth;ecological_water_surface;ecological_algae;ecological_litter;ecological_plastic_pollution;ecological_pollution_sources;ecological_pollution_sources_o;ecological_water_uses;ecological_water_uses_other;ecological_aquatic_life;ecological_aquatic_life_other;ecological_rain_24hours;hydrological_water_level;hydrological_no_water_observed;hydrological_water_flow;hydrological_waterway_width;chemical_no_water;chemical_nitrate;chemical_phosphate;optical_no_water;optical_secchi_turbidity;optical_colour;optical_colour_other;notes;surveylang;feedback_eng;feedback_core;Feeback_results_eng;Feeback_results_core;sort_order_nitrates;sort_order_phosphates;sort_order_turbidity;driedup_default;CreationDate;EditDate;chemical_conductivity;chemical_dissolved_oxygen_mg;nitrate_mid;phosphate_mid
13,True,71,https://services3.arcgis.com/SQtySBftABENTpkx/arcgis/rest/services/Severn_Estuary_FreshWater_Watchers_Public_view/FeatureServer/0,Severn_Estuary_FreshWater_Watchers,esriGeometryPoint,objectid;globalid;group_id;group_name;audience;site_name;no_participants;sample_date;sample_time;sample_id;ecological_fw_body_type;ecological_fw_body_type_other;ecological_land_use;ecological_land_use_other;ecological_bank_vegetation;ecological_bank_vegetation_oth;ecological_water_surface;ecological_algae;ecological_litter;ecological_plastic_pollution;ecological_pollution_sources;ecological_pollution_sources_o;ecological_water_uses;ecological_water_uses_other;ecological_aquatic_life;ecological_aquatic_life_other;ecological_rain_24hours;hydrological_water_level;hydrological_no_water_observed;hydrological_water_flow;hydrological_waterway_width;chemical_no_water;chemical_nitrate;chemical_phosphate;optical_no_water;optical_secchi_turbidity;optical_colour;optical_colour_other;notes;results_confirmation;surveylang;feedback_eng;feedback_core;Feeback_results_eng;sort_order_nitrates;sort_order_phosphates;sort_order_turbidity;driedup_default;nitrate_mid;phosphate_mid;feedback_score;feedback_rating;RBD_NAME;MNCAT_NAME;county;country
13,True,0,https://services3.arcgis.com/SQtySBftABENTpkx/arcgis/rest/services/Taia_Pampana_Public_View/FeatureServer/0,Taia_Pampana,esriGeometryPoint,objectid;globalid;group_id;group_name;audience;site_name;no_participants;sample_date;sample_time;sample_id;ecological_fw_body_type;ecological_fw_body_type_other;ecological_land_use;ecological_land_use_other;ecological_bank_vegetation;ecological_bank_vegetation_oth;ecological_water_surface;ecological_algae;ecological_litter;ecological_plastic_pollution;ecological_pollution_sources;ecological_pollution_sources_o;ecological_water_uses;ecological_water_uses_other;ecological_aquatic_life;ecological_aquatic_life_other;ecological_rain_24hours;hydrological_water_level;hydrological_no_water_observed;hydrological_water_flow;hydrological_waterway_width;chemical_no_water;chemical_nitrate;chemical_phosphate;optical_no_water;optical_secchi_turbidity;optical_colour;optical_colour_other;notes;surveylang;feedback_eng;feedback_core;Feeback_results_eng;Feeback_results_core;sort_order_nitrates;sort_order_phosphates;sort_order_turbidity;driedup_default;CreationDate;chemical_mercury;sample_tube_number;chemical_metals;site_town;lat_loc;lon_loc;your_locxy;nitrate_mid;phosphate_mid;feedback_score;feedback_rating;RBD_NAME;MNCAT_NAME;county;country
13,True,0,https://services3.arcgis.com/SQtySBftABENTpkx/arcgis/rest/services/Thames_Rowing_Club_Public_View/FeatureServer/0,Thames_Rowing_Club,esriGeometryPoint,objectid;globalid;group_id;group_name;audience;site_name;no_participants;sample_date;sample_time;sample_id;ecological_fw_body_type;ecological_fw_body_type_other;ecological_land_use;ecological_land_use_other;ecological_bank_vegetation;ecological_bank_vegetation_oth;ecological_water_surface;ecological_algae;ecological_litter;ecological_plastic_pollution;ecological_pollution_sources;ecological_pollution_sources_o;ecological_water_uses;ecological_water_uses_other;ecological_aquatic_life;ecological_aquatic_life_other;ecological_rain_24hours;hydrological_water_level;hydrological_no_water_observed;hydrological_water_flow;hydrological_waterway_width;chemical_no_water;chemical_nitrate;chemical_phosphate;optical_no_water;optical_secchi_turbidity;optical_colour;optical_colour_other;notes;surveylang;feedback_eng;feedback_core;Feeback_results_eng;Feeback_results_core;sort_order_nitrates;sort_order_phosphates;sort_order_turbidity;driedup_default;CreationDate;e_coli_total_coliform_count
13,True,1133,https://services3.arcgis.com/SQtySBftABENTpkx/arcgis/rest/services/Thames_WaterBlitz_Spring_2024_Public_View/FeatureServer/0,Thames_WaterBlitz_Spring_2024,esriGeometryPoint,objectid;globalid;group_id;group_name;audience;site_name;no_participants;sample_date;sample_time;sample_id;ecological_fw_body_type;ecological_fw_body_type_other;ecological_land_use;ecological_land_use_other;ecological_bank_vegetation;ecological_bank_vegetation_oth;ecological_water_surface;ecological_algae;ecological_litter;ecological_plastic_pollution;ecological_pollution_sources;ecological_pollution_sources_o;ecological_water_uses;ecological_water_uses_other;ecological_aquatic_life;ecological_aquatic_life_other;ecological_rain_24hours;chemical_nitrate;chemical_phosphate;optical_secchi_turbidity;optical_colour;optical_colour_other;notes;surveylang;CreationDate;sort_order_nitrates;sort_order_phosphates;sort_order_turbidity;Feeback_results_eng;liability_waiver;privacy_policy;optical_imperial_test;hydrological_water_level;feedback_eng;feedback_core;ecoli_intro;ecoli_home_test;ecoli_lab_test;ecoli_other;ecoli_home_test_2;ecoli_home_test_3;ecoli_home_test_avg;RBD_NAME;MNCAT_NAME;ecoli_testing_check;county;country;lab_test_check;id_number;participant_adult;participant_child;nitrate_binary;phosphate_binary;gukwb_rating;ph_value;name_of_group;ph_image
13,True,0,https://services3.arcgis.com/SQtySBftABENTpkx/arcgis/rest/services/The_Bollinteers_Public_view/FeatureServer/0,The_Bollinteers,esriGeometryPoint,objectid;globalid;group_id;group_name;audience;site_name;no_participants;sample_date;sample_time;sample_id;ecological_fw_body_type;ecological_fw_body_type_other;ecological_land_use;ecological_land_use_other;ecological_bank_vegetation;ecological_bank_vegetation_oth;ecological_water_surface;ecological_algae;ecological_litter;ecological_plastic_pollution;ecological_pollution_sources;ecological_pollution_sources_o;ecological_water_uses;ecological_water_uses_other;ecological_aquatic_life;ecological_aquatic_life_other;ecological_rain_24hours;hydrological_water_level;hydrological_no_water_observed;hydrological_water_flow;hydrological_waterway_width;chemical_no_water;chemical_nitrate;chemical_phosphate;optical_no_water;optical_secchi_turbidity;optical_colour;optical_colour_other;notes;surveylang;feedback_eng;feedback_core;Feeback_results_eng;Feeback_results_core;sort_order_nitrates;sort_order_phosphates;sort_order_turbidity;driedup_default;CreationDate;Creator;EditDate;Editor
13,True,0,https://services3.arcgis.com/SQtySBftABENTpkx/arcgis/rest/services/The_Three_Rivers_WaterBlitz_September_2022_Public_view/FeatureServer/0,The_Three_Rivers_WaterBlitz_September_2022,esriGeometryPoint,objectid;globalid;group_id;group_name;audience;site_name;sample_date;sample_time;sample_id;no_participants;ecological_fw_body_type;ecological_fw_body_type_other;ecological_land_use;ecological_land_use_other;ecological_bank_vegetation;ecological_bank_vegetation_oth;ecological_water_surface;ecological_algae;chemical_nitrate;chemical_nitrate_greater_10;chemical_phosphate;optical_secchi_turbidity;optical_colour;optical_colour_other;notes;surveylang;Feeback_results_eng;Feeback_results_core;CreationDate;Creator;EditDate;Editor;feedback_eng;feedback_core
13,True,0,https://services3.arcgis.com/SQtySBftABENTpkx/arcgis/rest/services/WRUA_FreshWater_Watch_Public_View/FeatureServer/0,WRUA_FreshWater_Watch,esriGeometryPoint,objectid;globalid;group_id;group_name;audience;site_name;no_participants;sample_date;sample_time;sample_id;ecological_fw_body_type;ecological_fw_body_type_other;ecological_land_use;ecological_land_use_other;ecological_bank_vegetation;ecological_bank_vegetation_oth;ecological_water_surface;ecological_algae;ecological_litter;ecological_plastic_pollution;ecological_pollution_sources;ecological_pollution_sources_o;ecological_water_uses;ecological_water_uses_other;ecological_aquatic_life;ecological_aquatic_life_other;ecological_rain_24hours;hydrological_water_level;hydrological_no_water_observed;hydrological_water_flow;hydrological_waterway_width;chemical_no_water;chemical_nitrate;chemical_phosphate;optical_no_water;optical_secchi_turbidity;optical_colour;optical_colour_other;notes;results;surveylang;feedback_eng;feedback_core;Feeback_results_eng;Feeback_results_core;sort_order_nitrates;sort_order_phosphates;sort_order_turbidity;driedup_default
13,True,0,https://services3.arcgis.com/SQtySBftABENTpkx/arcgis/rest/services/WRUA_Water_quality_survey_Public_View/FeatureServer/0,WRUA,esriGeometryPoint,objectid;globalid;sitename;sample_site;basin;subbasin;lat_loc;lon_loc;your_locxy;CreationDate;Creator;EditDate;Editor;chemical_ph;chemical_do;chemical_conductivity;optical_turbidity;temperature;sample_date;wrua;fww_chemical_nitrate;fww_chemical_phosphate
11,True,0,https://services3.arcgis.com/SQtySBftABENTpkx/arcgis/rest/services/WaterBlitz Acque Risorgive Public View/FeatureServer/0,WaterBlitz_Acque_Risorgive,esriGeometryPoint,objectid;globalid;group_id;group_name;audience;email_address;liability_waiver;privacy_policy;site_name;participant_adult;participant_child;no_participants;sample_date;sample_time;sample_id;ecological_fw_body_type;ecological_fw_body_type_other;ecological_land_use;ecological_land_use_other;ecological_bank_vegetation;ecological_bank_vegetation_oth;ecological_water_surface;ecological_algae;ecological_litter;ecological_plastic_pollution;ecological_pollution_sources;ecological_pollution_sources_o;ecological_water_uses;ecological_water_uses_other;ecological_aquatic_life;ecological_aquatic_life_other;ecological_rain_24hours;optical_colour;optical_colour_other;optical_imperial_test;chemical_nitrate;chemical_phosphate;nitrate_mid;phosphate_mid;nitrate_binary;phosphate_binary;gukwb_rating;notes;surveylang;RBD_NAME;MNCAT_NAME;county;country;CreationDate;Creator;EditDate;Editor;feedback_eng;feedback_core;hydrological_water_level;optical_secchi_turbidity;sort_order_nitrates;sort_order_phosphates;sort_order_turbidity
11,True,0,https://services3.arcgis.com/SQtySBftABENTpkx/arcgis/rest/services/WaterBlitz di Po Grande Public View/FeatureServer/0,WaterBlitz_di_Po_Grande,esriGeometryPoint,objectid;globalid;group_id;group_name;audience;email_address;liability_waiver;privacy_policy;site_name;participant_adult;participant_child;no_participants;sample_date;sample_time;sample_id;ecological_fw_body_type;ecological_fw_body_type_other;ecological_land_use;ecological_land_use_other;ecological_bank_vegetation;ecological_bank_vegetation_oth;ecological_water_surface;ecological_algae;ecological_litter;ecological_plastic_pollution;ecological_pollution_sources;ecological_pollution_sources_o;ecological_water_uses;ecological_water_uses_other;ecological_aquatic_life;ecological_aquatic_life_other;ecological_rain_24hours;optical_colour;optical_colour_other;optical_imperial_test;chemical_nitrate;chemical_phosphate;nitrate_mid;phosphate_mid;nitrate_binary;phosphate_binary;gukwb_rating;notes;surveylang;RBD_NAME;MNCAT_NAME;county;country;CreationDate;Creator;EditDate;Editor;feedback_eng;feedback_core;optical_secchi_turbidity;hydrological_water_level;sort_order_nitrates;sort_order_phosphates;sort_order_turbidity
13,True,0,https://services3.arcgis.com/SQtySBftABENTpkx/arcgis/rest/services/WaterBlitz_Alblasserwaard_April_2023_Public_View/FeatureServer/0,WaterBlitz_Alblasserwaard_April_2023,esriGeometryPoint,objectid;globalid;group_id;group_name;audience;site_name;no_participants;sample_date;sample_time;sample_id;ecological_fw_body_type;ecological_fw_body_type_other;ecological_land_use;ecological_land_use_other;ecological_bank_vegetation;ecological_bank_vegetation_oth;ecological_water_surface;ecological_algae;ecological_litter;ecological_plastic_pollution;ecological_pollution_sources;ecological_pollution_sources_o;ecological_water_uses;ecological_water_uses_other;ecological_aquatic_life;ecological_aquatic_life_other;ecological_rain_24hours;hydrological_water_level;hydrological_no_water_observed;hydrological_water_flow;hydrological_waterway_width;chemical_no_water;chemical_nitrate;chemical_phosphate;optical_no_water;optical_secchi_turbidity;optical_colour;optical_colour_other;notes;surveylang;feedback_eng;feedback_core;Feeback_results_eng;Feeback_results_core;sort_order_nitrates;sort_order_phosphates;sort_order_turbidity;driedup_default;CreationDate;Creator;EditDate;Editor
13,True,0,https://services3.arcgis.com/SQtySBftABENTpkx/arcgis/rest/services/White_Strand_Foroige_FreshWater_Watch_2_view/FeatureServer/0,White_Strand_Foroige_FreshWater_Watch,esriGeometryPoint,objectid;globalid;group_id;group_name;audience;site_name;no_participants;sample_date;sample_time;sample_id;ecological_fw_body_type;ecological_fw_body_type_other;ecological_land_use;ecological_land_use_other;ecological_bank_vegetation;ecological_bank_vegetation_oth;ecological_water_surface;ecological_algae;ecological_litter;ecological_plastic_pollution;ecological_pollution_sources;ecological_pollution_sources_o;ecological_water_uses;ecological_water_uses_other;ecological_aquatic_life;ecological_aquatic_life_other;ecological_rain_24hours;chemical_no_water;chemical_nitrate;chemical_phosphate;optical_no_water;optical_secchi_turbidity;optical_colour;optical_colour_other;notes;surveylang;feedback_eng;feedback_core;Feeback_results_eng;Feeback_results_core;sort_order_nitrates;sort_order_phosphates;sort_order_turbidity;driedup_default;CreationDate;EditDate;Editor;hydrological_water_level;hydrological_no_water_observed;hydrological_water_flow;hydrological_waterway_width
13,True,17,https://services3.arcgis.com/SQtySBftABENTpkx/arcgis/rest/services/Wild_Oxfordshire_and_the_Evenlode_WaterBlitz_Autumn_2023/FeatureServer/0,DataIMport,esriGeometryPoint,OBJECTID;surveylang;sample_id;Image_ID;feedback_core;feedback_eng;EditDate;group_id;group_name;audience;no_participants;site_name;submitted_date;sample_date;sample_time;Lat;Long;notes;ecological_fw_body_type;ecological_fw_body_type_other;ecological_land_use;ecological_land_use_other;ecological_bank_vegetation;ecological_bank_vegetation_oth;ecological_water_surface;ecological_litter;ecological_pollution_sources;ecological_pollution_sources_o;ecological_water_uses;ecological_water_uses_other;ecological_aquatic_life;ecological_aquatic_life_other;ecological_algae;hydrological_water_flow;hydrological_water_level;chemical_nitrate;chemical_nitrate_greater_10;chemical_phosphate;optical_secchi_turbidity;optical_colour;optical_colour_other;GlobalID;Feeback_results_eng;Feeback_results_core;ecological_plastic_pollution;ecological_rain_24hours;hydrological_waterway_width;chemical_conductivity;chemical_ph;chemical_water_temp;chemical_dissolved_solids;sort_order_nitrates;sort_order_phosphates;sort_order_turbidity;optical_no_water;chemical_no_water;hydrological_no_water_observed;driedup_default
13,True,0,https://services3.arcgis.com/SQtySBftABENTpkx/arcgis/rest/services/Ynys_Môn_FreshWater_Watchers_Public_view/FeatureServer/0,Ynys_Mon_FreshWater_Watchers,esriGeometryPoint,objectid;globalid;group_id;group_name;audience;site_name;no_participants;sample_date;sample_time;sample_id;ecological_fw_body_type;ecological_fw_body_type_other;ecological_land_use;ecological_land_use_other;ecological_bank_vegetation;ecological_bank_vegetation_oth;ecological_water_surface;ecological_algae;ecological_litter;ecological_plastic_pollution;ecological_pollution_sources;ecological_pollution_sources_o;ecological_water_uses;ecological_water_uses_other;ecological_aquatic_life;ecological_aquatic_life_other;ecological_rain_24hours;hydrological_water_level;hydrological_no_water_observed;hydrological_water_flow;hydrological_waterway_width;chemical_no_water;chemical_nitrate;chemical_phosphate;optical_no_water;optical_secchi_turbidity;optical_colour;optical_colour_other;notes;results_confirmation;surveylang;feedback_eng;feedback_core;Feeback_results_eng;sort_order_nitrates;sort_order_phosphates;sort_order_turbidity;driedup_default;nitrate_mid;phosphate_mid;feedback_score;feedback_rating;RBD_NAME;MNCAT_NAME;county;country
13,False,0,https://services3.arcgis.com/SQtySBftABENTpkx/arcgis/rest/services/service_0095a8a05b7c42fc864f2e4e733625bb/FeatureServer/0,WaterBlitz_Alblasserwaard_April_2023,esriGeometryPoint,objectid;globalid;group_id;group_name;audience;site_name;no_participants;sample_date;sample_time;sample_id;ecological_fw_body_type;ecological_fw_body_type_other;ecological_land_use;ecological_land_use_other;ecological_bank_vegetation;ecological_bank_vegetation_oth;ecological_water_surface;ecological_algae;ecological_litter;ecological_plastic_pollution;ecological_pollution_sources;ecological_pollution_sources_o;ecological_water_uses;ecological_water_uses_other;ecological_aquatic_life;ecological_aquatic_life_other;ecological_rain_24hours;hydrological_water_level;hydrological_no_water_observed;hydrological_water_flow;hydrological_waterway_width;chemical_no_water;chemical_nitrate;chemical_phosphate;optical_no_water;optical_secchi_turbidity;optical_colour;optical_colour_other;notes;surveylang;feedback_eng;feedback_core;Feeback_results_eng;Feeback_results_core;sort_order_nitrates;sort_order_phosphates;sort_order_turbidity;driedup_default;CreationDate;Creator;EditDate;Editor
13,False,0,https://services3.arcgis.com/SQtySBftABENTpkx/arcgis/rest/services/service_0267f9c185524b98a94e4bed7baa38c9/FeatureServer/0,River_Deel_WaterBlitz_May_2023,esriGeometryPoint,objectid;globalid;group_id;group_name;audience;site_name;no_participants;sample_date;sample_time;sample_id;ecological_fw_body_type;ecological_fw_body_type_other;ecological_land_use;ecological_land_use_other;ecological_bank_vegetation;ecological_bank_vegetation_oth;ecological_water_surface;ecological_algae;ecological_litter;ecological_plastic_pollution;ecological_pollution_sources;ecological_pollution_sources_o;ecological_water_uses;ecological_water_uses_other;ecological_aquatic_life;ecological_aquatic_life_other;ecological_rain_24hours;chemical_no_water;chemical_nitrate;chemical_phosphate;optical_no_water;optical_secchi_turbidity;optical_colour;optical_colour_other;notes;surveylang;feedback_eng;feedback_core;Feeback_results_eng;Feeback_results_core;sort_order_nitrates;sort_order_phosphates;sort_order_turbidity;driedup_default;CreationDate;Creator;EditDate;Editor;hydrological_water_level;hydrological_no_water_observed;hydrological_water_flow;hydrological_waterway_width
13,False,0,https://services3.arcgis.com/SQtySBftABENTpkx/arcgis/rest/services/service_0596396b99774f2680e5146045167c2d/FeatureServer/0,Fulham_Reach_Boat_Club_FreshWater_Watch,esriGeometryPoint,objectid;globalid;group_id;group_name;audience;site_name;no_participants;sample_date;sample_time;sample_id;ecological_fw_body_type;ecological_fw_body_type_other;ecological_land_use;ecological_land_use_other;ecological_bank_vegetation;ecological_bank_vegetation_oth;ecological_water_surface;ecological_algae;ecological_litter;ecological_plastic_pollution;ecological_pollution_sources;ecological_pollution_sources_o;ecological_water_uses;ecological_water_uses_other;ecological_aquatic_life;ecological_aquatic_life_other;ecological_rain_24hours;hydrological_water_level;hydrological_no_water_observed;hydrological_water_flow;hydrological_waterway_width;chemical_no_water;chemical_nitrate;chemical_phosphate;optical_no_water;optical_secchi_turbidity;optical_colour;optical_colour_other;notes;surveylang;feedback_eng;feedback_core;Feeback_results_eng;Feeback_results_core;sort_order_nitrates;sort_order_phosphates;sort_order_turbidity;driedup_default;CreationDate;Creator;EditDate;Editor;chemical_test_strip_nitrate;chemical_test_strip_phosphate;micro_e_coli_bacteria;micro_e_coli_sample
3,False,0,https://services3.arcgis.com/SQtySBftABENTpkx/arcgis/rest/services/service_0ca97e30df2140f68f544a7707a97be8/FeatureServer/0,Public_Registration___River_Deel_WaterBlitz_April_2023,esriGeometryPoint,objectid;globalid;welcome;first_name;last_name;email_address;reason_take_part;hear_about;account_required;kit_required;address;address1;address2;town_city;postcode;liability_waiver;privacy_policy;your_data;date_submitted;CreationDate;Creator;EditDate;Editor
11,False,0,https://services3.arcgis.com/SQtySBftABENTpkx/arcgis/rest/services/service_0deeeb95371f48148e433abdd5c2a925/FeatureServer/0,River_Deel_WaterBlitz_December_2024,esriGeometryPoint,objectid;globalid;group_id;group_name;audience;email_address;site_name;no_participants;sample_date;sample_time;sample_id;ecological_fw_body_type;ecological_fw_body_type_other;ecological_land_use;ecological_land_use_other;ecological_bank_vegetation;ecological_bank_vegetation_oth;ecological_water_surface;ecological_algae;ecological_litter;ecological_plastic_pollution;ecological_pollution_sources;ecological_pollution_sources_o;ecological_water_uses;ecological_water_uses_other;ecological_aquatic_life;ecological_aquatic_life_other;ecological_rain_24hours;chemical_nitrate;chemical_phosphate;nitrate_mid;phosphate_mid;optical_secchi_turbidity;optical_colour;optical_colour_other;notes;surveylang;CreationDate;Creator;EditDate;Editor;feedback_eng;sort_order_nitrates;sort_order_phosphates;feedback_core;hydrological_water_level
11,False,0,https://services3.arcgis.com/SQtySBftABENTpkx/arcgis/rest/services/service_10c655f9db34416699b04e66f3af2d5f/FeatureServer/0,Register_for_our_Public_Event,esriGeometryPoint,objectid;globalid;not_logged_in;intro;reason_take_part;have_charts;address;address1;address2;town_city;postcode;country;group_name;group_id;theusername;note_username;CreationDate;Creator;EditDate;Editor;fww_follow_group;liability_waiver;privacy_policy;your_data;hc;hear_about;date_submitted;first_name;last_name;email_address;location_qty;belongs_to_group
5,False,0,https://services3.arcgis.com/SQtySBftABENTpkx/arcgis/rest/services/service_14a94d86a1b74021816986b691686974_form/FeatureServer/0,Great_UK_WaterBlitz_Spring_2026_Pre_participation_survey,esriGeometryPoint,objectid;globalid;nature_connect_visit_space;nature_connect_emotional_attach;nature_connect_interconnected;nature_connect_education_level;nature_connect_race_ethnicity;end_thank_you;CreationDate;Creator;EditDate;Editor
11,False,0,https://services3.arcgis.com/SQtySBftABENTpkx/arcgis/rest/services/service_3d95c44a0584455ea18e2cd7125e03f6_form/FeatureServer/0,Parma_WaterBlitz,esriGeometryPoint,objectid;globalid;group_id;group_name;audience;email_address;liability_waiver;privacy_policy;site_name;participant_adult;participant_child;no_participants;sample_date;sample_time;sample_id;ecological_fw_body_type;ecological_fw_body_type_other;ecological_land_use;ecological_land_use_other;ecological_bank_vegetation;ecological_bank_vegetation_oth;ecological_water_surface;ecological_algae;ecological_litter;ecological_plastic_pollution;ecological_pollution_sources;ecological_pollution_sources_o;ecological_water_uses;ecological_water_uses_other;ecological_aquatic_life;ecological_aquatic_life_other;ecological_rain_24hours;optical_colour;optical_colour_other;optical_imperial_test;chemical_nitrate;chemical_phosphate;nitrate_mid;phosphate_mid;nitrate_binary;phosphate_binary;gukwb_rating;notes;surveylang;RBD_NAME;MNCAT_NAME;county;country;CreationDate;Creator;EditDate;Editor;QC
5,False,0,https://services3.arcgis.com/SQtySBftABENTpkx/arcgis/rest/services/service_4126c418dc3c4840bb1ed50836fd8656_form/FeatureServer/0,Great_UK_WaterBlitz_Spring_2026_Post_participation_survey,esriGeometryPoint,objectid;globalid;nature_connect_emotional_attach;nature_connect_interconnected;personal_behaviour;talk_to_others;spend_time;active_choices;engage_environment;agreement_level;environmentally_friendly;take_actions;awareness_causes;end_thank_you;CreationDate;Creator;EditDate;Editor
13,True,0,https://services3.arcgis.com/SQtySBftABENTpkx/arcgis/rest/services/service_53c0ce27117c4e418674d6aabee69da9/FeatureServer/0,Evenlode_WaterBlitz_Autumn_2023,esriGeometryPoint,objectid;globalid;group_id;group_name;audience;site_name;no_participants;sample_date;sample_time;sample_id;ecological_fw_body_type;ecological_fw_body_type_other;ecological_land_use;ecological_land_use_other;ecological_bank_vegetation;ecological_bank_vegetation_oth;ecological_water_surface;ecological_algae;ecological_litter;ecological_plastic_pollution;ecological_pollution_sources;ecological_pollution_sources_o;ecological_water_uses;ecological_water_uses_other;ecological_aquatic_life;ecological_aquatic_life_other;ecological_rain_24hours;chemical_nitrate;chemical_phosphate;optical_secchi_turbidity;optical_colour;optical_colour_other;notes;surveylang;CreationDate;Creator;EditDate;Editor
13,False,0,https://services3.arcgis.com/SQtySBftABENTpkx/arcgis/rest/services/service_8b8c4e5baf034282bf0530ee973f420b/FeatureServer/0,River_Deel_WaterBlitz_October_2023,esriGeometryPoint,objectid;globalid;group_id;group_name;audience;site_name;no_participants;sample_date;sample_time;sample_id;ecological_fw_body_type;ecological_fw_body_type_other;ecological_land_use;ecological_land_use_other;ecological_bank_vegetation;ecological_bank_vegetation_oth;ecological_water_surface;ecological_algae;ecological_litter;ecological_plastic_pollution;ecological_pollution_sources;ecological_pollution_sources_o;ecological_water_uses;ecological_water_uses_other;ecological_aquatic_life;ecological_aquatic_life_other;ecological_rain_24hours;chemical_nitrate;chemical_phosphate;optical_secchi_turbidity;optical_colour;optical_colour_other;notes;surveylang;CreationDate;Creator;EditDate;Editor;sort_order_nitrates;sort_order_phosphates;sort_order_turbidity;driedup_default;feedback_eng;feedback_core;hydrological_water_level
3,False,0,https://services3.arcgis.com/SQtySBftABENTpkx/arcgis/rest/services/service_bbfa2ef58a284a6daf06784ad91aa036/FeatureServer/0,Register_for_our_Public_Event___Open,esriGeometryPoint,objectid;globalid;reason_take_part;hear_about;first_name;last_name;email_address;location_qty;address_required;address;address1;address2;town_city;postcode;country;liability_waiver;privacy_policy;your_data;date_submitted;CreationDate;Creator;EditDate;Editor;account_required;kit_required;welcome
11,False,0,https://services3.arcgis.com/SQtySBftABENTpkx/arcgis/rest/services/service_be5f7a8895da4478b6546cd711588178_form/FeatureServer/0,WaterBlitz_Acque_Risorgive,esriGeometryPoint,objectid;globalid;group_id;group_name;audience;email_address;liability_waiver;privacy_policy;site_name;participant_adult;participant_child;no_participants;sample_date;sample_time;sample_id;ecological_fw_body_type;ecological_fw_body_type_other;ecological_land_use;ecological_land_use_other;ecological_bank_vegetation;ecological_bank_vegetation_oth;ecological_water_surface;ecological_algae;ecological_litter;ecological_plastic_pollution;ecological_pollution_sources;ecological_pollution_sources_o;ecological_water_uses;ecological_water_uses_other;ecological_aquatic_life;ecological_aquatic_life_other;ecological_rain_24hours;optical_colour;optical_colour_other;optical_imperial_test;chemical_nitrate;chemical_phosphate;nitrate_mid;phosphate_mid;nitrate_binary;phosphate_binary;gukwb_rating;notes;surveylang;RBD_NAME;MNCAT_NAME;county;country;CreationDate;Creator;EditDate;Editor;feedback_eng;feedback_core;hydrological_water_level;optical_secchi_turbidity;sort_order_nitrates;sort_order_phosphates;sort_order_turbidity
11,False,0,https://services3.arcgis.com/SQtySBftABENTpkx/arcgis/rest/services/service_c5665a340ba4490f89460f4b8ce41053/FeatureServer/0,River_Deel_WaterBlitz_May_2024,esriGeometryPoint,objectid;globalid;group_id;group_name;audience;email_address;site_name;no_participants;sample_date;sample_time;sample_id;ecological_fw_body_type;ecological_fw_body_type_other;ecological_land_use;ecological_land_use_other;ecological_bank_vegetation;ecological_bank_vegetation_oth;ecological_water_surface;ecological_algae;ecological_litter;ecological_plastic_pollution;ecological_pollution_sources;ecological_pollution_sources_o;ecological_water_uses;ecological_water_uses_other;ecological_aquatic_life;ecological_aquatic_life_other;ecological_rain_24hours;chemical_nitrate;chemical_phosphate;optical_secchi_turbidity;optical_colour;optical_colour_other;notes;surveylang;CreationDate;Creator;EditDate;Editor;sort_order_nitrates;sort_order_phosphates;sort_order_turbidity;feedback_eng;feedback_core;hydrological_water_level
3,False,0,https://services3.arcgis.com/SQtySBftABENTpkx/arcgis/rest/services/service_eefcf28bab7f45fc92f64d534ed9a4ee/FeatureServer/0,Public_Registration___River_Deel_WaterBlitz_May_2024,esriGeometryPoint,objectid;globalid;welcome;first_name;last_name;email_address;reason_take_part;hear_about;account_required;kit_required;address;address1;address2;town_city;postcode;liability_waiver;privacy_policy;your_data;date_submitted;CreationDate;Creator;EditDate;Editor
3,False,0,https://services3.arcgis.com/SQtySBftABENTpkx/arcgis/rest/services/service_f182587765974b04bffc7f99f6525dd4_form/FeatureServer/0,Public_Registration___Parma_WaterBlitz_October_2025,esriGeometryPoint,objectid;globalid;welcome;first_name;last_name;email_address;reason_take_part;hear_about;account_required;kit_required;address;address1;address2;town_city;postcode;liability_waiver;privacy_policy;your_data;date_submitted;CreationDate;Creator;EditDate;Editor
11,False,0,https://services3.arcgis.com/SQtySBftABENTpkx/arcgis/rest/services/service_f240ac0563f2407da004d25656454c7a/FeatureServer/0,Great_UK_WaterBlitz,esriGeometryPoint,objectid;globalid;group_id;group_name;audience;site_name;no_participants;sample_date;sample_time;sample_id;ecological_fw_body_type;ecological_fw_body_type_other;ecological_land_use;ecological_land_use_other;ecological_bank_vegetation;ecological_bank_vegetation_oth;ecological_water_surface;ecological_algae;ecological_litter;ecological_plastic_pollution;ecological_pollution_sources;ecological_pollution_sources_o;ecological_water_uses;ecological_water_uses_other;ecological_aquatic_life;ecological_aquatic_life_other;ecological_rain_24hours;chemical_nitrate;chemical_phosphate;optical_secchi_turbidity;optical_colour;optical_colour_other;notes;surveylang;CreationDate;Creator;EditDate;Editor;sort_order_nitrates;sort_order_phosphates;sort_order_turbidity;Feeback_results_eng;email_address;liability_waiver;privacy_policy;optical_imperial_test;hydrological_water_level;feedback_eng;feedback_core;ecoli_intro;ecoli_home_test;ecoli_lab_test;ecoli_other;ecoli_home_test_2;ecoli_home_test_3;ecoli_home_test_avg;RBD_NAME;MNCAT_NAME;ecoli_testing_check;county;country;nitrate_mid;phosphate_mid;lab_test_check;QC;id_number;participant_adult;participant_child;nitrate_binary;phosphate_binary;gukwb_rating;ph_value;name_of_group;ph_image
3,False,0,https://services3.arcgis.com/SQtySBftABENTpkx/arcgis/rest/services/service_f5455da98fd9467c9963f0d044f1e593/FeatureServer/0,FWW_Feedback_Survey___Summer_2023,esriGeometryPoint,objectid;globalid;welcome;begin_name;begin_group;general_experience;general_experience_text;general_support;general_support_text;platform_app_platform;platform_app_platform_text;platform_app_app;platform_app_app_text;training_kits_training_ttt;training_kits_training_ttt_text;training_kits_kits;training_kits_kits_text;comms_channels_comms;comms_channels_comms_text;comms_channels_channels;comms_channels_channels_text;your_group_data;your_group_data_text;your_group_data_change;your_group_data_change_text;your_group_data_actions;your_group_data_actions_text;your_group_data_impacts;your_group_data_impacts_text;end_thanks;CreationDate;Creator;EditDate;Editor;general_experience_support;general_experience_support_text;welcome_introduction;experience_support_experience;experience_support_experience_t;experience_support_support;experience_support_support_t;comms_emails;comms_emails_text;comms_newsletter;comms_newsletter_text;interest_resources;actions_actions;impacts_impacts;final_thoughts;final_thoughts_benefit;final_thoughts_challenges;final_thoughts_share;world_waterblitz_last;world_waterblitz_last_why;world_waterblitz_next;world_waterblitz_next_why;intro
11,False,0,https://services3.arcgis.com/SQtySBftABENTpkx/arcgis/rest/services/service_f68adb4558db497cb25dc2a00b9dc870/FeatureServer/0,FWW_Educational_Quiz,esriGeometryPoint,objectid;globalid;group_id;group_name;username;q1_note;q1_select;q1_score;a1_note;a1_select_1;a1_select_2;a1_select_3;a1_select_4;a1_select_5;a1_answer;a1_details;q2_note;q2_select;q2_score;a2_note;a2_select_1;a2_select_2;a2_select_3;a2_select_4;a2_select_5;a2_select_6;a2_answer;a2_details;q3_note;q3_select;q3_score;a3_note;a3_select;a3_details;q4_note;q4_select;q4_score;a4_note;a4_select_1;a4_select_2;a4_select_3;a4_answer;a4_details;q5_note;q5_select;q5_score;a5_note;a5_select_1;a5_select_2;a5_select_3;a5_select_4;a5_answer;a5_details;q6_note;q6_select;q6_score;a6_note;a6_select;a6_details;q7_note;q7_select;q7_score;a7_note;a7_select;a7_details;q8_note;q8_select;q8_score;a8_note;a8_select;a8_details;q9_note;q9_select;q9_score;a9_note;a9_select_1;a9_select_2;a9_select_3;a9_select_4;a9_answer;a9_details;q10_note;q10_select;q10_score;a10_note;a10_select;a10_details;survey_total;how_did_you_do;close_survey;CreationDate;Creator;EditDate;Editor;a1_result;a3_result;a2_result;a4_result;a5_result;a6_result;a7_result;a8_result;a9_result;a10_result;survey_possible_total
11,False,0,https://services3.arcgis.com/SQtySBftABENTpkx/arcgis/rest/services/service_f745925059b4423b8633fba1348a6268/FeatureServer/0,WaterBlitz_di_Po_Grande,esriGeometryPoint,objectid;globalid;group_id;group_name;audience;email_address;liability_waiver;privacy_policy;site_name;participant_adult;participant_child;no_participants;sample_date;sample_time;sample_id;ecological_fw_body_type;ecological_fw_body_type_other;ecological_land_use;ecological_land_use_other;ecological_bank_vegetation;ecological_bank_vegetation_oth;ecological_water_surface;ecological_algae;ecological_litter;ecological_plastic_pollution;ecological_pollution_sources;ecological_pollution_sources_o;ecological_water_uses;ecological_water_uses_other;ecological_aquatic_life;ecological_aquatic_life_other;ecological_rain_24hours;optical_colour;optical_colour_other;optical_imperial_test;chemical_nitrate;chemical_phosphate;nitrate_mid;phosphate_mid;nitrate_binary;phosphate_binary;gukwb_rating;notes;surveylang;RBD_NAME;MNCAT_NAME;county;country;CreationDate;Creator;EditDate;Editor;feedback_eng;feedback_core;optical_secchi_turbidity;hydrological_water_level;sort_order_nitrates;sort_order_phosphates;sort_order_turbidity
11,False,0,https://services3.arcgis.com/SQtySBftABENTpkx/arcgis/rest/services/service_f745925059b4423b8633fba1348a6268_form/FeatureServer/0,WaterBlitz_di_Po_Grande,esriGeometryPoint,objectid;globalid;group_id;group_name;audience;email_address;liability_waiver;privacy_policy;site_name;participant_adult;participant_child;no_participants;sample_date;sample_time;sample_id;ecological_fw_body_type;ecological_fw_body_type_other;ecological_land_use;ecological_land_use_other;ecological_bank_vegetation;ecological_bank_vegetation_oth;ecological_water_surface;ecological_algae;ecological_litter;ecological_plastic_pollution;ecological_pollution_sources;ecological_pollution_sources_o;ecological_water_uses;ecological_water_uses_other;ecological_aquatic_life;ecological_aquatic_life_other;ecological_rain_24hours;optical_colour;optical_colour_other;optical_imperial_test;chemical_nitrate;chemical_phosphate;nitrate_mid;phosphate_mid;nitrate_binary;phosphate_binary;gukwb_rating;notes;surveylang;RBD_NAME;MNCAT_NAME;county;country;CreationDate;Creator;EditDate;Editor;feedback_eng;feedback_core;optical_secchi_turbidity;hydrological_water_level;sort_order_nitrates;sort_order_phosphates;sort_order_turbidity
11,True,0,https://services3.arcgis.com/SQtySBftABENTpkx/arcgis/rest/services/survey123_0a0d7b79d6ef4001af0ed458d908623c_results/FeatureServer/0,WaterBlitz_Acque_Risorgive,esriGeometryPoint,objectid;globalid;group_id;group_name;audience;email_address;liability_waiver;privacy_policy;site_name;participant_adult;participant_child;no_participants;sample_date;sample_time;sample_id;ecological_fw_body_type;ecological_fw_body_type_other;ecological_land_use;ecological_land_use_other;ecological_bank_vegetation;ecological_bank_vegetation_oth;ecological_water_surface;ecological_algae;ecological_litter;ecological_plastic_pollution;ecological_pollution_sources;ecological_pollution_sources_o;ecological_water_uses;ecological_water_uses_other;ecological_aquatic_life;ecological_aquatic_life_other;ecological_rain_24hours;optical_colour;optical_colour_other;optical_imperial_test;chemical_nitrate;chemical_phosphate;nitrate_mid;phosphate_mid;nitrate_binary;phosphate_binary;gukwb_rating;notes;surveylang;RBD_NAME;MNCAT_NAME;county;country;CreationDate;Creator;EditDate;Editor;feedback_eng;feedback_core;hydrological_water_level;optical_secchi_turbidity;sort_order_nitrates;sort_order_phosphates;sort_order_turbidity
11,True,0,https://services3.arcgis.com/SQtySBftABENTpkx/arcgis/rest/services/survey123_38f6ef200f224710afc499fc9183e586_results/FeatureServer/0,WaterBlitz_di_Po_Grande,esriGeometryPoint,objectid;globalid;group_id;group_name;audience;email_address;liability_waiver;privacy_policy;site_name;participant_adult;participant_child;no_participants;sample_date;sample_time;sample_id;ecological_fw_body_type;ecological_fw_body_type_other;ecological_land_use;ecological_land_use_other;ecological_bank_vegetation;ecological_bank_vegetation_oth;ecological_water_surface;ecological_algae;ecological_litter;ecological_plastic_pollution;ecological_pollution_sources;ecological_pollution_sources_o;ecological_water_uses;ecological_water_uses_other;ecological_aquatic_life;ecological_aquatic_life_other;ecological_rain_24hours;optical_colour;optical_colour_other;optical_imperial_test;chemical_nitrate;chemical_phosphate;nitrate_mid;phosphate_mid;nitrate_binary;phosphate_binary;gukwb_rating;notes;surveylang;RBD_NAME;MNCAT_NAME;county;country;CreationDate;Creator;EditDate;Editor;feedback_eng;feedback_core;optical_secchi_turbidity;hydrological_water_level;sort_order_nitrates;sort_order_phosphates;sort_order_turbidity
11,True,0,https://services3.arcgis.com/SQtySBftABENTpkx/arcgis/rest/services/survey123_473b47f02d1247f4bee15efba2178acc_results/FeatureServer/0,Results_for_Parma_WaterBlitz,esriGeometryPoint,objectid;globalid;group_id;group_name;audience;email_address;liability_waiver;privacy_policy;site_name;participant_adult;participant_child;no_participants;sample_date;sample_time;sample_id;ecological_fw_body_type;ecological_fw_body_type_other;ecological_land_use;ecological_land_use_other;ecological_bank_vegetation;ecological_bank_vegetation_oth;ecological_water_surface;ecological_algae;ecological_litter;ecological_plastic_pollution;ecological_pollution_sources;ecological_pollution_sources_o;ecological_water_uses;ecological_water_uses_other;ecological_aquatic_life;ecological_aquatic_life_other;ecological_rain_24hours;optical_colour;optical_colour_other;optical_imperial_test;chemical_nitrate;chemical_phosphate;nitrate_mid;phosphate_mid;nitrate_binary;phosphate_binary;gukwb_rating;notes;surveylang;RBD_NAME;MNCAT_NAME;county;country;CreationDate;Creator;EditDate;Editor;sort_order_nitrates;sort_order_phosphates;sort_order_turbidity;feedback_eng;feedback_core;hydrological_water_level;optical_secchi_turbidity
11,True,1133,https://services3.arcgis.com/SQtySBftABENTpkx/arcgis/rest/services/survey123_969a15ee620744e58ae55ff0f2aaaa0d_results/FeatureServer/0,Thames_WaterBlitz_Spring_2024,esriGeometryPoint,objectid;globalid;group_id;group_name;audience;site_name;no_participants;sample_date;sample_time;sample_id;ecological_fw_body_type;ecological_fw_body_type_other;ecological_land_use;ecological_land_use_other;ecological_bank_vegetation;ecological_bank_vegetation_oth;ecological_water_surface;ecological_algae;ecological_litter;ecological_plastic_pollution;ecological_pollution_sources;ecological_pollution_sources_o;ecological_water_uses;ecological_water_uses_other;ecological_aquatic_life;ecological_aquatic_life_other;ecological_rain_24hours;chemical_nitrate;chemical_phosphate;optical_secchi_turbidity;optical_colour;optical_colour_other;notes;surveylang;CreationDate;Creator;EditDate;Editor;sort_order_nitrates;sort_order_phosphates;sort_order_turbidity;Feeback_results_eng;email_address;liability_waiver;privacy_policy;optical_imperial_test;hydrological_water_level;feedback_eng;feedback_core;ecoli_intro;ecoli_home_test;ecoli_lab_test;ecoli_other;ecoli_home_test_2;ecoli_home_test_3;ecoli_home_test_avg;RBD_NAME;MNCAT_NAME;ecoli_testing_check;county;country;nitrate_mid;phosphate_mid;lab_test_check;QC;id_number;participant_adult;participant_child;nitrate_binary;phosphate_binary;gukwb_rating;ph_value;name_of_group;ph_image
