date,Conham,Hanham,Bristol (centre),Kingswood,Keynsham,Bristol Frome (Frenchay),Bradley Stoke,Portishead (tidal mouth),Nailsea,Pensford (Chew),Chew Magna,Blagdon (Chew head),Yate,Thornbury,Wotton-under-Edge,Bath,Marshfield (By Brook),Colerne,Corsham,Bradford-on-Avon,Radstock (Wellow Brook),Midsomer Norton (Somer),Frome (Somerset),Westbury,Trowbridge,Melksham,Chippenham,Calne (Marden),Devizes,Malmesbury (headwaters),Tetbury (source),catchment_max_mm_per_h,catchment_max_site,catchment_max_cape_j_per_kg,catchment_max_cape_site
2025-05-14,0.0,0.0,0.0,0.0,0.0,0.0,0.0,0.0,0.0,0.0,0.0,0.0,0.0,0.0,0.0,0.0,0.0,0.0,0.0,0.0,0.0,0.0,0.0,0.0,0.0,0.0,0.0,0.0,0.0,0.0,0.0,0.0,Conham,0.0,Conham
2025-05-15,0.0,0.0,0.0,0.0,0.0,0.0,0.0,0.0,0.0,0.0,0.0,0.0,0.0,0.0,0.0,0.0,0.0,0.0,0.0,0.0,0.0,0.0,0.0,0.0,0.0,0.0,0.0,0.0,0.0,0.0,0.0,0.0,Conham,0.0,Conham
2025-05-16,0.0,0.0,0.0,0.0,0.0,0.0,0.0,0.0,0.0,0.0,0.0,0.0,0.0,0.0,0.0,0.0,0.0,0.0,0.0,0.0,0.0,0.0,0.0,0.0,0.0,0.0,0.0,0.0,0.0,0.0,0.0,0.0,Conham,0.0,Conham
2025-05-17,0.0,0.0,0.0,0.0,0.0,0.0,0.0,0.0,0.0,0.0,0.0,0.0,0.0,0.0,0.0,0.0,0.0,0.0,0.0,0.0,0.0,0.0,0.0,0.0,0.0,0.0,0.0,0.0,0.0,0.0,0.0,0.0,Conham,0.0,Conham
2025-05-18,0.0,0.0,0.0,0.0,0.0,0.0,0.0,0.0,0.0,0.0,0.0,0.0,0.0,0.0,0.0,0.0,0.0,0.0,0.0,0.0,0.0,0.0,0.0,0.0,0.0,0.0,0.0,0.0,0.0,0.0,0.0,0.0,Conham,0.0,Conham
2025-05-19,0.1,0.1,0.1,0.1,0.1,0.1,0.1,0.0,0.1,0.1,0.1,0.1,0.1,0.1,0.1,0.1,0.1,0.1,0.1,0.1,0.1,0.1,0.2,0.1,0.1,0.1,0.1,0.1,0.1,0.1,0.1,0.2,Frome (Somerset),0.0,Conham
2025-05-20,0.0,0.0,0.0,0.0,0.0,0.0,0.0,0.0,0.0,0.0,0.0,0.1,0.0,0.0,0.0,0.0,0.0,0.0,0.0,0.0,0.0,0.0,0.0,0.0,0.0,0.0,0.0,0.0,0.0,0.0,0.0,0.1,Blagdon (Chew head),0.0,Conham
2025-05-21,2.5,2.2,2.5,3.3,2.2,2.4,1.7,2.4,3.0,6.1,6.1,4.9,1.4,1.2,0.8,2.1,5.1,2.5,1.1,6.7,2.0,2.0,2.7,1.4,4.6,1.6,1.1,1.2,1.2,6.7,4.5,6.7,Bradford-on-Avon,0.0,Conham
2025-05-22,0.0,0.1,0.0,0.1,0.1,0.0,0.1,0.0,0.1,0.0,0.0,0.7,0.1,0.0,0.0,0.1,0.0,0.1,0.2,0.0,0.1,0.1,0.1,0.0,0.1,0.1,0.2,0.1,0.0,0.0,0.0,0.7,Blagdon (Chew head),0.0,Conham
2025-05-23,0.1,0.1,0.1,0.1,0.1,0.2,0.2,0.3,0.2,0.1,0.1,0.2,0.1,0.1,0.1,0.1,0.2,0.1,0.2,0.1,0.1,0.1,0.1,0.1,0.0,0.2,0.2,0.1,0.3,0.5,0.2,0.5,Malmesbury (headwaters),0.0,Conham
2025-05-24,0.8,0.8,0.8,0.8,0.8,0.7,0.7,0.6,0.7,0.8,0.8,0.8,0.7,0.7,0.6,0.9,0.8,0.9,0.9,1.0,0.9,0.9,0.9,0.9,1.0,1.0,0.9,1.6,0.8,0.7,0.6,1.6,Calne (Marden),0.0,Conham
2025-05-25,1.1,1.2,1.1,0.6,1.2,2.4,0.5,0.8,0.9,1.1,1.1,1.4,0.6,0.8,0.9,1.7,1.3,0.8,3.3,3.4,1.7,1.7,2.7,2.0,4.1,0.9,3.3,3.3,1.1,0.8,0.7,4.1,Trowbridge,0.0,Conham
2025-05-26,3.2,2.0,3.2,0.7,2.0,2.6,3.8,1.9,1.7,1.9,1.9,0.8,0.9,1.1,0.9,2.1,1.4,2.6,0.4,1.8,0.6,0.6,0.7,0.5,0.9,2.6,0.4,0.3,1.5,0.4,0.7,3.8,Bradley Stoke,0.0,Conham
2025-05-27,1.9,2.4,1.9,2.6,2.4,2.1,2.1,2.4,2.4,1.8,1.8,2.6,1.9,2.3,1.8,1.4,1.9,2.2,2.7,1.3,1.6,1.6,1.7,4.3,1.3,2.1,2.7,2.3,1.6,1.5,1.5,4.3,Westbury,0.0,Conham
2025-05-28,1.1,2.1,1.1,0.9,2.1,0.5,0.2,0.3,1.8,0.9,0.9,2.0,0.5,0.1,0.1,0.5,0.5,0.2,0.2,0.5,0.6,0.6,0.3,0.4,0.3,0.3,0.2,0.3,0.3,0.7,1.0,2.1,Hanham,0.0,Conham
2025-05-29,1.2,0.8,1.2,0.6,0.8,0.9,0.8,1.1,1.8,1.3,1.3,2.0,0.6,0.4,0.3,1.1,0.8,0.9,0.9,0.9,0.8,0.8,0.4,0.6,0.7,0.8,0.9,0.8,0.7,0.6,0.3,2.0,Blagdon (Chew head),0.0,Conham
2025-05-30,0.1,0.1,0.1,0.1,0.1,0.1,0.1,0.1,0.1,0.1,0.1,0.1,0.1,0.1,0.2,0.1,0.1,0.1,0.2,0.2,0.1,0.1,0.2,0.1,0.2,0.1,0.2,0.1,0.1,0.1,0.1,0.2,Wotton-under-Edge,0.0,Conham
2025-05-31,0.1,0.2,0.1,0.0,0.2,0.1,0.1,0.1,0.2,0.1,0.1,0.1,0.0,0.0,0.0,0.2,0.0,0.1,0.1,0.2,0.2,0.2,0.2,0.1,0.1,0.1,0.1,0.1,0.1,0.0,0.0,0.2,Hanham,0.0,Conham
2025-06-01,0.2,0.2,0.2,0.1,0.2,0.2,0.2,0.1,0.3,0.2,0.2,0.4,0.1,0.1,0.1,0.2,0.1,0.1,0.2,0.2,0.1,0.1,0.1,0.1,0.1,0.1,0.2,0.1,0.1,0.1,0.1,0.4,Blagdon (Chew head),0.0,Conham
2025-06-02,0.0,0.0,0.0,0.0,0.0,0.2,0.1,0.0,0.0,0.0,0.0,0.0,0.0,0.0,0.0,0.0,0.0,0.0,0.0,0.0,0.0,0.0,0.0,0.0,0.0,0.0,0.0,0.0,0.0,0.0,0.0,0.2,Bristol Frome (Frenchay),0.0,Conham
2025-06-03,1.8,1.8,1.8,2.3,1.8,1.7,1.5,1.3,1.2,1.5,1.5,1.2,2.1,1.8,2.0,1.5,1.9,1.4,1.3,1.2,1.5,1.5,1.2,0.8,0.8,1.0,1.3,1.1,1.0,2.0,2.0,2.3,Kingswood,0.0,Conham
2025-06-04,0.3,0.3,0.3,0.1,0.3,0.3,0.1,0.6,1.0,0.9,0.9,0.8,0.1,0.1,0.2,1.0,0.5,0.3,0.4,0.4,0.3,0.3,0.3,0.4,0.6,0.3,0.4,0.4,0.2,0.2,0.2,1.0,Nailsea,0.0,Conham
2025-06-05,1.0,0.9,1.0,0.8,0.9,0.8,2.4,0.9,1.0,1.7,1.7,1.3,2.9,1.2,1.2,1.0,0.7,1.2,0.6,2.2,1.0,1.0,3.9,4.3,1.5,0.9,0.6,1.2,1.2,1.3,0.7,4.3,Westbury,0.0,Conham
2025-06-06,1.6,1.6,1.6,1.8,1.6,1.8,1.7,2.3,2.3,1.4,1.4,1.4,1.8,1.2,1.4,1.3,1.7,1.5,1.6,1.2,0.9,0.9,0.6,2.1,1.0,1.2,1.6,1.1,0.9,1.4,1.2,2.3,Portishead (tidal mouth),0.0,Conham
2025-06-07,1.7,2.2,1.7,3.9,2.2,3.0,1.4,4.0,1.5,2.5,2.5,2.3,1.0,0.9,0.7,1.4,1.0,2.7,2.1,2.0,1.7,1.7,2.2,3.8,1.4,1.2,2.1,2.3,1.9,3.9,1.3,4.0,Portishead (tidal mouth),0.0,Conham
2025-06-08,0.0,0.0,0.0,0.0,0.0,0.1,0.0,0.0,0.0,0.0,0.0,0.0,0.0,0.0,0.0,0.0,0.0,0.0,0.0,0.0,0.0,0.0,0.0,0.0,0.0,0.0,0.0,0.0,0.0,0.1,0.0,0.1,Bristol Frome (Frenchay),0.0,Conham
2025-06-09,0.6,0.2,0.6,0.1,0.2,0.2,0.1,0.1,0.7,0.3,0.3,0.7,0.1,0.1,0.2,0.3,0.1,0.2,0.3,0.3,0.3,0.3,0.2,0.2,0.2,0.3,0.3,0.2,0.3,0.1,0.1,0.7,Nailsea,0.0,Conham
2025-06-10,0.3,0.2,0.3,0.4,0.2,0.5,0.2,0.1,0.6,0.1,0.1,0.6,0.4,0.5,0.4,0.1,0.3,0.1,0.1,0.1,0.3,0.3,0.2,0.2,0.2,0.2,0.1,0.1,0.3,0.4,0.4,0.6,Nailsea,0.0,Conham
2025-06-11,0.0,0.0,0.0,0.0,0.0,0.0,0.0,0.0,0.0,0.0,0.0,0.0,0.0,0.0,0.0,0.0,0.0,0.0,0.0,0.1,0.0,0.0,0.0,0.0,0.0,0.0,0.0,0.0,0.1,0.1,0.1,0.1,Bradford-on-Avon,0.0,Conham
2025-06-12,1.5,3.4,1.5,2.9,3.4,2.4,3.3,1.9,2.1,3.0,3.0,2.4,2.4,3.0,2.3,2.4,4.0,2.9,6.0,1.9,2.2,2.2,2.7,5.2,2.7,4.0,6.0,2.8,1.6,2.5,4.2,6.0,Corsham,0.0,Conham
2025-06-13,0.9,0.0,0.9,0.0,0.0,1.7,3.3,1.1,1.1,0.2,0.2,2.7,0.1,0.1,0.0,0.0,0.8,0.1,0.0,0.0,0.0,0.0,0.0,0.2,0.1,0.0,0.0,0.6,0.0,0.4,0.2,3.3,Bradley Stoke,0.0,Conham
2025-06-14,4.0,1.0,4.0,1.8,1.0,1.1,2.4,0.9,0.3,1.7,1.7,0.8,1.8,4.2,0.5,1.4,0.7,0.7,0.7,1.0,0.5,0.5,0.5,0.7,0.4,0.6,0.7,1.1,0.7,0.8,2.7,4.2,Thornbury,0.0,Conham
2025-06-15,0.0,0.0,0.0,0.0,0.0,0.0,0.0,0.0,0.1,0.1,0.1,0.0,0.1,0.1,0.1,0.0,0.1,0.0,0.1,0.0,0.0,0.0,0.0,0.0,0.0,0.1,0.1,0.1,0.1,0.0,0.1,0.1,Nailsea,0.0,Conham
2025-06-16,0.2,0.1,0.2,0.1,0.1,0.1,0.1,0.0,0.1,0.1,0.1,0.1,0.1,0.1,0.1,0.1,0.1,0.1,0.1,0.1,0.1,0.1,0.1,0.0,0.1,0.0,0.1,0.1,0.1,0.0,0.1,0.2,Conham,0.0,Conham
2025-06-17,0.0,0.0,0.0,0.0,0.0,0.0,0.0,0.0,0.0,0.0,0.0,0.0,0.0,0.0,0.0,0.0,0.0,0.0,0.0,0.0,0.0,0.0,0.0,0.0,0.0,0.0,0.0,0.0,0.0,0.0,0.0,0.0,Conham,0.0,Conham
2025-06-18,0.0,0.0,0.0,0.0,0.0,0.0,0.0,0.0,0.0,0.0,0.0,0.0,0.0,0.0,0.0,0.0,0.0,0.0,0.0,0.0,0.0,0.0,0.0,0.0,0.0,0.0,0.0,0.0,0.0,0.0,0.0,0.0,Conham,0.0,Conham
2025-06-19,0.0,0.0,0.0,0.0,0.0,0.0,0.0,0.0,0.0,0.0,0.0,0.0,0.0,0.0,0.0,0.0,0.0,0.0,0.0,0.0,0.0,0.0,0.0,0.0,0.0,0.0,0.0,0.0,0.0,0.0,0.0,0.0,Conham,0.0,Conham
2025-06-20,0.0,0.0,0.0,0.0,0.0,0.0,0.0,0.0,0.0,0.0,0.0,0.0,0.0,0.0,0.0,0.0,0.0,0.0,0.0,0.0,0.0,0.0,0.0,0.0,0.0,0.0,0.0,0.0,0.0,0.0,0.0,0.0,Conham,0.0,Conham
2025-06-21,0.5,0.5,0.5,1.3,0.5,0.9,2.3,1.2,0.6,0.4,0.4,0.4,1.0,0.5,0.5,0.3,0.4,0.2,0.2,0.2,1.4,1.4,0.4,0.3,0.4,0.2,0.2,0.2,0.2,0.8,0.7,2.3,Bradley Stoke,0.0,Conham
2025-06-22,0.7,0.6,0.7,0.4,0.6,0.4,0.3,0.5,0.5,0.9,0.9,0.7,0.5,0.4,0.2,1.0,0.4,0.7,0.1,0.3,0.5,0.5,0.3,0.2,0.2,0.1,0.1,0.1,0.1,0.2,0.2,1.0,Bath,0.0,Conham
2025-06-23,1.3,1.7,1.3,1.2,1.7,0.8,0.6,2.1,0.8,1.2,1.2,0.7,0.9,0.9,1.0,1.1,1.3,3.6,1.7,0.6,0.5,0.5,0.3,0.6,0.4,1.4,1.7,0.5,1.5,0.8,1.0,3.6,Colerne,0.0,Conham
2025-06-24,1.2,0.7,1.2,1.2,0.7,3.0,1.3,0.7,0.3,0.5,0.5,0.6,2.1,3.5,1.5,1.0,3.1,0.4,0.3,0.2,0.7,0.7,1.3,0.5,0.8,0.6,0.3,0.5,0.1,3.8,1.9,3.8,Malmesbury (headwaters),0.0,Conham
2025-06-25,0.1,0.1,0.1,0.1,0.1,0.1,0.2,0.1,0.1,0.1,0.1,0.1,0.2,0.1,0.2,0.1,0.1,0.1,0.1,0.1,0.1,0.1,0.0,0.1,0.1,0.1,0.1,0.1,0.1,0.1,0.1,0.2,Bradley Stoke,0.0,Conham
2025-06-26,2.5,1.4,2.5,1.7,1.4,3.3,1.8,1.3,2.3,2.3,2.3,1.1,0.7,0.9,2.2,1.1,1.8,1.8,0.4,0.9,1.4,1.4,1.1,3.3,1.0,0.5,0.4,0.6,0.3,0.7,1.4,3.3,Bristol Frome (Frenchay),0.0,Conham
2025-06-27,1.2,1.4,1.2,1.1,1.4,0.9,0.7,0.7,1.0,1.4,1.4,1.3,0.9,0.6,0.7,1.3,1.3,1.4,1.3,1.3,1.1,1.1,0.7,0.8,0.9,1.1,1.3,1.2,0.9,1.0,0.8,1.4,Hanham,0.0,Conham
2025-06-28,0.3,0.1,0.3,0.1,0.1,0.2,0.2,0.4,0.5,0.3,0.3,0.5,0.1,0.2,0.1,0.1,0.1,0.1,0.3,0.1,0.1,0.1,0.1,0.1,0.1,0.1,0.3,0.2,0.1,0.1,0.2,0.5,Nailsea,0.0,Conham
2025-06-29,0.1,0.1,0.1,0.1,0.1,0.1,0.0,0.1,0.2,0.1,0.1,0.1,0.0,0.0,0.0,0.1,0.0,0.0,0.1,0.1,0.1,0.1,0.0,0.0,0.0,0.0,0.1,0.1,0.0,0.0,0.1,0.2,Nailsea,0.0,Conham
2025-06-30,0.2,0.1,0.2,0.2,0.1,0.1,0.0,0.0,0.0,0.2,0.2,0.2,0.1,0.0,0.2,0.0,0.1,0.1,0.0,0.0,0.0,0.0,0.1,0.0,0.0,0.0,0.0,0.0,0.0,0.0,0.0,0.2,Conham,0.0,Conham
2025-07-01,0.0,0.0,0.0,0.0,0.0,0.0,0.1,0.1,0.1,0.0,0.0,0.0,0.0,0.0,0.2,0.0,0.0,0.0,0.0,0.0,0.0,0.0,0.0,0.0,0.0,0.0,0.0,0.0,0.0,0.0,0.0,0.2,Wotton-under-Edge,0.0,Conham
2025-07-02,0.1,0.1,0.1,0.1,0.1,0.1,0.2,0.2,0.2,0.1,0.1,0.1,0.1,0.1,0.0,0.1,0.0,0.0,0.0,0.0,0.1,0.1,0.0,0.0,0.0,0.0,0.0,0.0,0.0,0.0,0.0,0.2,Bradley Stoke,0.0,Conham
2025-07-03,0.0,0.0,0.0,0.0,0.0,0.0,0.0,0.0,0.0,0.0,0.0,0.0,0.0,0.0,0.0,0.0,0.0,0.0,0.0,0.0,0.0,0.0,0.0,0.0,0.0,0.0,0.0,0.0,0.0,0.0,0.0,0.0,Conham,0.0,Conham
2025-07-04,0.0,0.0,0.0,0.0,0.0,0.0,0.0,0.0,0.0,0.0,0.0,0.0,0.0,0.0,0.0,0.0,0.0,0.0,0.0,0.0,0.0,0.0,0.0,0.0,0.0,0.0,0.0,0.0,0.0,0.0,0.0,0.0,Conham,0.0,Conham
2025-07-05,0.8,0.7,0.8,0.4,0.7,0.9,0.2,0.4,0.7,1.0,1.0,0.9,0.2,0.4,0.3,1.2,0.3,0.4,0.6,2.0,0.5,0.5,0.3,0.5,1.9,0.5,0.6,0.6,1.1,0.8,0.6,2.0,Bradford-on-Avon,0.0,Conham
2025-07-06,0.3,0.7,0.3,0.6,0.7,0.7,0.8,0.2,0.3,0.3,0.3,0.3,0.9,1.0,1.0,0.3,1.0,0.9,1.3,0.6,0.4,0.4,0.3,2.5,4.8,2.6,1.3,4.4,4.5,0.7,1.0,4.8,Trowbridge,0.0,Conham
2025-07-07,0.5,0.7,0.5,0.5,0.7,0.4,1.4,0.4,0.7,0.6,0.6,0.9,0.4,1.2,0.2,0.6,0.2,0.5,0.2,0.3,0.6,0.6,0.3,0.3,0.2,0.3,0.2,0.3,0.3,0.1,0.1,1.4,Bradley Stoke,0.0,Conham
2025-07-08,0.0,0.0,0.0,0.0,0.0,0.0,0.0,0.0,0.0,0.0,0.0,0.0,0.0,0.0,0.0,0.0,0.0,0.0,0.0,0.0,0.0,0.0,0.0,0.0,0.0,0.0,0.0,0.0,0.0,0.0,0.0,0.0,Conham,0.0,Conham
2025-07-09,0.0,0.1,0.0,0.3,0.1,0.0,0.2,0.0,0.0,0.0,0.0,0.0,0.2,0.2,0.1,0.0,0.2,0.2,0.4,0.1,0.0,0.0,0.3,0.1,0.1,0.1,0.4,0.2,0.3,0.2,0.3,0.4,Corsham,0.0,Conham
2025-07-10,0.0,0.0,0.0,0.0,0.0,0.0,0.0,0.0,0.0,0.0,0.0,0.0,0.0,0.0,0.0,0.0,0.0,0.0,0.0,0.0,0.0,0.0,0.0,0.0,0.0,0.0,0.0,0.0,0.0,0.0,0.0,0.0,Conham,0.0,Conham
2025-07-11,0.0,0.0,0.0,0.0,0.0,0.0,0.0,0.0,0.0,0.0,0.0,0.0,0.0,0.0,0.0,0.0,0.0,0.0,0.0,0.0,0.0,0.0,0.0,0.0,0.0,0.0,0.0,0.0,0.0,0.0,0.0,0.0,Conham,0.0,Conham
2025-07-12,0.0,0.0,0.0,0.0,0.0,0.0,0.0,0.0,0.0,0.0,0.0,0.0,0.0,0.0,0.0,0.0,0.0,0.0,0.0,0.0,0.0,0.0,0.0,0.0,0.0,0.0,0.0,0.0,0.0,0.0,0.0,0.0,Conham,0.0,Conham
2025-07-13,0.0,0.0,0.0,0.0,0.0,0.0,0.0,0.0,0.0,0.0,0.0,0.0,0.0,0.0,0.0,0.0,0.0,0.0,0.0,0.0,0.0,0.0,0.0,0.0,0.0,0.0,0.0,0.0,0.0,0.0,0.0,0.0,Conham,0.0,Conham
2025-07-14,0.3,0.6,0.3,0.4,0.6,0.4,0.3,0.2,0.3,1.5,1.5,0.7,0.2,1.2,0.1,0.1,0.2,0.4,1.6,0.2,0.4,0.4,0.2,0.2,0.2,0.3,1.6,0.4,0.4,0.2,0.3,1.6,Corsham,0.0,Conham
2025-07-15,2.1,1.6,2.1,1.7,1.6,2.7,2.2,1.7,1.7,1.4,1.4,0.7,1.4,1.3,1.7,1.3,1.5,1.2,0.9,0.7,0.9,0.9,0.3,0.4,0.6,0.6,0.9,0.7,0.5,1.1,2.1,2.7,Bristol Frome (Frenchay),0.0,Conham
2025-07-16,0.5,0.2,0.5,0.0,0.2,0.2,0.0,0.5,0.6,0.7,0.7,0.5,0.0,0.0,0.0,0.5,0.0,0.0,0.0,0.1,0.5,0.5,0.5,0.1,0.3,0.0,0.0,0.0,0.0,0.0,0.0,0.7,Pensford (Chew),0.0,Conham
2025-07-17,0.5,0.7,0.5,0.3,0.7,0.3,0.2,0.5,0.5,0.4,0.4,0.3,0.2,0.2,0.3,0.9,0.2,0.5,0.4,0.6,0.6,0.6,0.6,0.5,0.6,0.4,0.4,0.3,0.3,0.3,0.2,0.9,Bath,0.0,Conham
2025-07-18,0.2,0.5,0.2,0.2,0.5,0.2,0.1,0.2,0.1,0.5,0.5,0.2,0.1,0.3,0.3,0.5,0.3,0.4,0.2,0.2,0.2,0.2,0.3,0.2,0.1,0.2,0.2,0.2,0.2,0.5,0.5,0.5,Hanham,0.0,Conham
2025-07-19,0.5,0.4,0.5,0.5,0.4,0.4,0.2,0.6,0.7,0.6,0.6,0.7,0.2,0.2,0.2,0.4,0.2,0.5,0.2,0.6,0.5,0.5,0.4,0.3,0.5,0.3,0.2,0.1,0.2,0.1,0.1,0.7,Nailsea,0.0,Conham
2025-07-20,0.9,1.2,0.9,3.4,1.2,2.3,1.6,1.7,0.9,1.2,1.2,2.0,2.2,2.6,1.6,2.0,2.2,2.6,1.3,2.0,3.0,3.0,2.9,3.2,2.1,1.8,1.3,1.8,1.5,1.7,1.2,3.4,Kingswood,0.0,Conham
2025-07-21,0.2,0.3,0.2,0.5,0.3,0.3,0.3,0.5,0.3,0.2,0.2,0.3,0.5,0.5,1.0,0.4,1.4,0.7,0.2,0.5,0.2,0.2,0.2,0.5,0.3,0.4,0.2,1.0,0.3,0.2,0.2,1.4,Marshfield (By Brook),0.0,Conham
2025-07-22,0.2,0.2,0.2,0.2,0.2,0.4,0.3,0.4,0.3,0.8,0.8,0.2,0.2,0.7,0.7,0.3,1.1,0.3,0.5,0.4,0.2,0.2,0.3,0.3,0.3,0.7,0.5,0.4,0.3,1.0,0.7,1.1,Marshfield (By Brook),0.0,Conham
2025-07-23,0.4,0.5,0.4,0.6,0.5,0.4,0.5,0.2,0.1,0.2,0.2,0.3,0.4,0.6,0.4,0.2,0.3,0.3,0.2,0.3,0.2,0.2,0.2,0.1,0.2,0.2,0.2,0.2,0.1,0.3,0.2,0.6,Kingswood,0.0,Conham
2025-07-24,0.4,0.2,0.4,0.2,0.2,0.4,0.3,0.2,0.2,0.2,0.2,0.2,0.2,0.1,0.1,0.2,0.2,0.4,0.3,0.4,0.2,0.2,0.3,0.2,0.3,0.2,0.3,0.1,0.2,0.3,0.3,0.4,Conham,0.0,Conham
2025-07-25,0.0,0.0,0.0,0.0,0.0,0.0,0.0,0.0,0.0,0.0,0.0,0.0,0.0,0.0,0.0,0.0,0.0,0.0,0.0,0.0,0.0,0.0,0.0,0.0,0.0,0.0,0.0,0.0,0.0,0.0,0.0,0.0,Conham,0.0,Conham
2025-07-26,0.4,0.3,0.4,0.2,0.3,0.2,0.2,0.3,0.7,0.6,0.6,0.7,0.2,0.1,0.1,0.3,0.2,0.2,0.1,0.2,0.3,0.3,0.3,0.3,0.4,0.3,0.1,0.2,0.4,0.1,0.1,0.7,Nailsea,0.0,Conham
2025-07-27,0.8,0.3,0.8,0.6,0.3,0.3,0.7,0.1,0.4,0.5,0.5,1.0,0.6,0.4,0.2,0.8,0.3,0.1,0.1,0.1,0.6,0.6,0.1,0.0,0.1,0.1,0.1,0.0,0.1,0.2,0.0,1.0,Blagdon (Chew head),0.0,Conham
2025-07-28,0.1,0.1,0.1,0.1,0.1,0.8,0.1,0.0,0.4,0.1,0.1,0.1,0.0,0.1,0.0,0.1,0.0,0.0,0.1,0.0,0.3,0.3,0.1,0.0,0.1,0.0,0.1,0.0,0.0,0.1,0.0,0.8,Bristol Frome (Frenchay),0.0,Conham
2025-07-29,1.1,1.7,1.1,3.7,1.7,3.3,3.9,3.2,4.8,2.3,2.3,4.5,2.8,2.2,5.5,1.7,1.7,1.5,1.4,1.5,2.2,2.2,1.2,0.8,0.7,0.7,1.4,1.7,3.0,1.3,3.9,5.5,Wotton-under-Edge,0.0,Conham
2025-07-30,0.1,0.1,0.1,0.1,0.1,0.1,0.3,0.0,0.1,0.1,0.1,0.1,0.1,0.1,0.1,0.1,0.1,0.1,0.1,0.1,0.1,0.1,0.1,0.1,0.1,0.1,0.1,0.1,0.1,0.1,0.1,0.3,Bradley Stoke,0.0,Conham
2025-07-31,5.2,5.5,5.2,3.1,5.5,3.9,9.1,5.5,2.0,6.5,6.5,5.4,14.9,12.3,7.2,5.4,6.5,4.8,5.6,5.3,3.7,3.7,7.7,5.6,6.3,7.5,5.6,6.8,6.7,6.9,7.5,14.9,Yate,0.0,Conham
2025-08-01,0.0,0.1,0.0,0.1,0.1,0.1,0.1,0.0,0.0,0.0,0.0,0.1,0.1,0.1,0.2,0.1,0.1,0.1,0.2,0.2,0.1,0.1,0.1,0.1,0.1,0.1,0.2,0.1,0.2,0.1,0.1,0.2,Wotton-under-Edge,0.0,Conham
2025-08-02,0.1,0.0,0.1,0.0,0.0,0.0,0.0,0.0,0.1,0.0,0.0,0.1,0.0,0.0,0.0,0.0,0.0,0.0,0.0,0.0,0.0,0.0,0.0,0.0,0.0,0.0,0.0,0.0,0.0,0.0,0.0,0.1,Conham,0.0,Conham
2025-08-03,0.2,0.2,0.2,0.3,0.2,0.4,0.3,0.2,0.4,0.3,0.3,0.5,0.2,0.2,0.3,0.2,0.2,0.2,0.2,0.1,0.5,0.5,0.4,0.2,0.3,0.1,0.2,0.2,0.2,0.2,0.3,0.5,Blagdon (Chew head),0.0,Conham
2025-08-04,1.9,1.8,1.9,1.5,1.8,1.9,1.8,2.2,2.4,2.4,2.4,2.0,1.3,2.4,0.8,2.0,1.3,1.7,1.7,1.6,2.2,2.2,2.1,1.4,1.7,1.5,1.7,1.7,1.4,1.6,0.8,2.4,Nailsea,0.0,Conham
2025-08-05,0.0,0.0,0.0,0.0,0.0,0.0,0.0,0.0,0.0,0.0,0.0,0.0,0.0,0.0,0.0,0.0,0.0,0.0,0.0,0.0,0.0,0.0,0.0,0.0,0.0,0.0,0.0,0.0,0.0,0.0,0.0,0.0,Conham,0.0,Conham
2025-08-06,0.0,0.0,0.0,0.0,0.0,0.0,0.0,0.0,0.0,0.0,0.0,0.0,0.0,0.0,0.0,0.0,0.0,0.0,0.0,0.0,0.0,0.0,0.0,0.0,0.0,0.0,0.0,0.0,0.0,0.0,0.0,0.0,Conham,0.0,Conham
2025-08-07,0.7,1.0,0.7,0.6,1.0,0.6,0.5,0.5,0.6,1.0,1.0,0.6,0.5,1.0,0.9,1.2,0.8,1.0,0.7,0.7,0.9,0.9,0.4,0.5,0.7,1.0,0.7,1.1,0.7,0.7,0.6,1.2,Bath,0.0,Conham
2025-08-08,0.1,0.0,0.1,0.0,0.0,0.0,0.0,0.0,0.0,0.1,0.1,0.2,0.0,0.0,0.0,0.0,0.0,0.0,0.0,0.0,0.0,0.0,0.0,0.0,0.0,0.0,0.0,0.0,0.1,0.0,0.0,0.2,Blagdon (Chew head),0.0,Conham
2025-08-09,0.1,0.1,0.1,0.1,0.1,0.2,0.1,0.1,0.2,0.1,0.1,0.2,0.1,0.0,0.1,0.1,0.1,0.1,0.2,0.2,0.1,0.1,0.1,0.1,0.1,0.1,0.2,0.1,0.1,0.1,0.1,0.2,Bristol Frome (Frenchay),0.0,Conham
2025-08-10,0.0,0.0,0.0,0.0,0.0,0.0,0.0,0.0,0.0,0.0,0.0,0.0,0.0,0.0,0.0,0.0,0.0,0.0,0.0,0.0,0.0,0.0,0.0,0.0,0.0,0.0,0.0,0.0,0.0,0.0,0.0,0.0,Conham,0.0,Conham
2025-08-11,0.2,0.0,0.2,0.2,0.0,0.2,0.3,0.1,0.4,0.1,0.1,0.1,0.5,0.5,0.0,0.0,0.0,0.0,0.0,0.0,0.1,0.1,0.0,0.0,0.0,0.0,0.0,0.0,0.0,0.0,0.2,0.5,Yate,0.0,Conham
2025-08-12,0.2,1.2,0.2,0.3,1.2,0.3,0.0,0.0,0.2,0.4,0.4,0.5,0.2,0.9,0.8,0.4,0.9,2.4,1.8,1.4,0.0,0.0,0.0,0.4,0.2,1.7,1.8,0.6,0.7,0.2,0.4,2.4,Colerne,0.0,Conham
2025-08-13,0.0,0.0,0.0,0.0,0.0,0.0,0.0,0.0,0.1,0.0,0.0,0.1,0.0,0.0,0.0,0.0,0.0,0.0,0.0,0.0,0.0,0.0,0.0,0.0,0.0,0.0,0.0,0.0,0.0,0.0,0.0,0.1,Nailsea,0.0,Conham
2025-08-14,0.1,0.1,0.1,0.1,0.1,0.1,0.1,0.0,0.1,0.1,0.1,0.1,0.1,0.1,0.1,0.2,0.1,0.1,0.1,0.1,0.1,0.1,0.1,0.1,0.0,0.0,0.1,0.1,0.1,0.1,0.1,0.2,Bath,0.0,Conham
2025-08-15,0.0,0.0,0.0,0.0,0.0,0.0,0.0,0.0,0.0,0.0,0.0,0.0,0.0,0.0,0.0,0.0,0.0,0.0,0.0,0.0,0.0,0.0,0.0,0.0,0.0,0.0,0.0,0.0,0.0,0.0,0.0,0.0,Conham,0.0,Conham
2025-08-16,0.0,0.0,0.0,0.0,0.0,0.0,0.0,0.0,0.0,0.0,0.0,0.0,0.0,0.0,0.0,0.0,0.0,0.0,0.0,0.0,0.0,0.0,0.0,0.0,0.0,0.0,0.0,0.0,0.0,0.0,0.0,0.0,Conham,0.0,Conham
2025-08-17,0.0,0.0,0.0,0.0,0.0,0.0,0.0,0.0,0.0,0.0,0.0,0.0,0.0,0.0,0.0,0.0,0.0,0.0,0.0,0.0,0.0,0.0,0.0,0.0,0.0,0.0,0.0,0.0,0.0,0.0,0.0,0.0,Conham,0.0,Conham
2025-08-18,0.0,0.0,0.0,0.0,0.0,0.0,0.0,0.0,0.0,0.0,0.0,0.0,0.0,0.0,0.0,0.0,0.0,0.0,0.0,0.0,0.0,0.0,0.0,0.0,0.0,0.0,0.0,0.0,0.0,0.0,0.0,0.0,Conham,0.0,Conham
2025-08-19,0.0,0.1,0.0,0.0,0.1,0.0,0.0,0.0,0.0,0.2,0.2,0.2,0.0,0.0,0.0,0.1,0.0,0.1,0.0,0.1,0.5,0.5,0.2,0.0,0.2,0.0,0.0,0.3,0.3,0.1,0.1,0.5,Radstock (Wellow Brook),0.0,Conham
2025-08-20,0.1,0.1,0.1,0.3,0.1,0.2,0.0,0.1,0.1,0.1,0.1,0.1,0.1,0.1,0.1,0.1,0.1,0.1,0.1,0.0,0.1,0.1,0.2,0.1,0.1,0.1,0.1,0.1,0.1,0.1,0.2,0.3,Kingswood,0.0,Conham
2025-08-21,0.0,0.0,0.0,0.0,0.0,0.0,0.0,0.0,0.0,0.0,0.0,0.0,0.0,0.0,0.0,0.0,0.0,0.0,0.0,0.0,0.0,0.0,0.2,0.0,0.0,0.0,0.0,0.0,0.0,0.0,0.0,0.2,Frome (Somerset),0.0,Conham
2025-08-22,0.0,0.0,0.0,0.0,0.0,0.0,0.0,0.0,0.0,0.0,0.0,0.0,0.0,0.0,0.0,0.0,0.0,0.0,0.0,0.0,0.0,0.0,0.0,0.0,0.0,0.0,0.0,0.0,0.0,0.0,0.0,0.0,Conham,0.0,Conham
2025-08-23,0.0,0.0,0.0,0.0,0.0,0.0,0.0,0.0,0.0,0.0,0.0,0.0,0.0,0.0,0.0,0.0,0.0,0.0,0.0,0.0,0.0,0.0,0.0,0.0,0.0,0.0,0.0,0.0,0.0,0.0,0.0,0.0,Conham,0.0,Conham
2025-08-24,0.0,0.0,0.0,0.0,0.0,0.0,0.0,0.0,0.0,0.0,0.0,0.0,0.0,0.0,0.0,0.0,0.0,0.0,0.0,0.0,0.0,0.0,0.0,0.0,0.0,0.0,0.0,0.0,0.0,0.0,0.0,0.0,Conham,0.0,Conham
2025-08-25,0.0,0.0,0.0,0.0,0.0,0.0,0.0,0.0,0.0,0.0,0.0,0.0,0.0,0.0,0.0,0.0,0.0,0.0,0.0,0.0,0.0,0.0,0.0,0.0,0.0,0.0,0.0,0.0,0.0,0.0,0.0,0.0,Conham,0.0,Conham
2025-08-26,4.3,7.1,4.3,7.7,7.1,1.2,1.6,1.9,0.7,8.2,8.2,0.7,6.1,1.2,7.1,3.9,8.4,3.7,0.9,1.7,5.5,5.5,5.9,9.8,6.4,4.1,0.9,4.4,4.2,5.9,8.2,9.8,Westbury,0.0,Conham
2025-08-27,4.5,3.1,4.5,7.1,3.1,8.3,5.0,8.3,2.2,1.3,1.3,1.8,4.0,4.2,4.5,4.6,2.9,4.5,4.1,2.3,3.7,3.7,1.4,1.9,3.3,2.6,4.1,2.3,2.7,4.2,1.0,8.3,Bristol Frome (Frenchay),0.0,Conham
2025-08-28,1.3,1.5,1.3,2.0,1.5,3.6,2.5,0.6,1.0,2.0,2.0,4.8,1.4,1.3,4.4,2.4,4.6,3.2,3.1,0.8,2.5,2.5,3.9,2.4,2.6,4.6,3.1,3.3,3.2,4.5,5.5,5.5,Tetbury (source),0.0,Conham
2025-08-29,4.3,5.3,4.3,4.5,5.3,3.3,3.0,2.1,2.9,4.6,4.6,5.6,3.6,4.0,3.8,5.5,4.8,5.2,3.5,4.3,4.9,4.9,4.7,3.8,3.4,3.4,3.5,2.4,4.2,3.7,3.8,5.6,Blagdon (Chew head),0.0,Conham
2025-08-30,2.4,0.9,2.4,2.2,0.9,1.4,3.3,1.2,1.4,1.6,1.6,1.3,1.7,2.0,1.5,2.4,1.3,1.2,1.9,2.9,2.4,2.4,0.9,1.5,1.3,2.1,1.9,1.0,1.6,1.4,1.6,3.3,Bradley Stoke,0.0,Conham
2025-08-31,2.0,2.0,2.0,0.8,2.0,0.7,1.5,1.3,2.8,0.3,0.3,0.3,0.7,0.9,0.9,1.5,4.1,0.7,2.7,0.8,0.2,0.2,0.3,1.2,0.3,1.5,2.7,0.3,0.5,0.4,0.2,4.1,Marshfield (By Brook),0.0,Conham
2025-09-01,0.9,0.9,0.9,4.9,0.9,4.4,0.4,2.8,0.4,0.3,0.3,0.9,1.0,0.4,0.2,1.0,0.4,0.8,2.5,1.4,1.3,1.3,1.1,1.4,0.8,1.6,2.5,2.7,3.4,0.2,0.2,4.9,Kingswood,0.0,Conham
2025-09-02,1.2,0.4,1.2,0.3,0.4,1.1,1.2,0.6,1.0,0.3,0.3,0.3,0.6,0.9,0.8,0.3,0.6,0.6,0.8,0.6,0.5,0.5,0.2,0.2,0.1,0.1,0.8,0.2,0.2,1.4,0.8,1.4,Malmesbury (headwaters),0.0,Conham
2025-09-03,3.2,5.9,3.2,3.9,5.9,2.8,5.1,3.2,3.0,3.3,3.3,5.0,3.0,4.2,3.0,2.7,7.0,4.8,4.9,4.6,3.7,3.7,5.4,4.4,4.0,5.8,4.9,5.6,5.1,5.2,3.7,7.0,Marshfield (By Brook),0.0,Conham
2025-09-04,2.7,1.0,2.7,1.0,1.0,2.0,4.0,1.9,2.5,0.5,0.5,0.9,2.9,7.1,3.1,0.2,2.2,3.2,2.0,1.4,1.8,1.8,0.4,1.8,1.0,2.3,2.0,0.6,1.7,4.8,3.6,7.1,Thornbury,0.0,Conham
2025-09-05,0.1,0.1,0.1,0.0,0.1,0.1,0.0,0.0,0.3,0.2,0.2,0.1,0.0,0.0,0.1,0.3,0.1,0.1,0.1,0.3,0.4,0.4,0.4,0.3,0.3,0.1,0.1,0.0,0.1,0.0,0.0,0.4,Radstock (Wellow Brook),0.0,Conham
2025-09-06,0.0,0.0,0.0,0.0,0.0,0.0,0.0,0.0,0.0,0.0,0.0,0.0,0.0,0.0,0.0,0.0,0.0,0.0,0.0,0.0,0.0,0.0,0.0,0.0,0.0,0.0,0.0,0.0,0.0,0.0,0.0,0.0,Conham,0.0,Conham
2025-09-07,2.4,3.8,2.4,5.1,3.8,2.5,4.8,5.5,3.0,3.3,3.3,4.4,3.3,1.7,2.2,1.9,1.0,1.9,2.4,1.1,3.9,3.9,0.7,3.2,0.6,3.2,2.4,4.2,4.9,8.2,4.2,8.2,Malmesbury (headwaters),0.0,Conham
2025-09-08,0.8,0.7,0.8,0.3,0.7,0.5,0.2,0.3,1.9,0.9,0.9,3.3,0.3,0.2,0.2,1.0,0.9,0.3,0.3,0.4,0.6,0.6,0.5,0.1,0.3,0.3,0.3,0.1,0.1,0.6,0.2,3.3,Blagdon (Chew head),0.0,Conham
2025-09-09,0.9,0.2,0.9,0.4,0.2,0.2,0.6,0.4,1.0,0.4,0.4,1.3,0.6,0.5,0.4,0.9,0.1,0.1,0.1,0.5,1.0,1.0,5.1,0.7,1.4,0.9,0.1,0.3,0.3,0.1,0.2,5.1,Frome (Somerset),0.0,Conham
2025-09-10,1.7,1.6,1.7,1.2,1.6,1.5,1.0,3.7,1.4,2.0,2.0,1.0,4.7,1.2,3.6,2.2,0.8,2.9,2.0,1.3,1.4,1.4,1.5,2.4,2.2,1.5,2.0,1.9,1.7,2.4,3.5,4.7,Yate,0.0,Conham
2025-09-11,2.1,0.4,2.1,0.4,0.4,0.6,1.1,2.2,1.4,0.7,0.7,3.3,0.7,0.4,0.3,1.4,1.5,1.6,1.3,0.7,0.4,0.4,0.8,1.1,0.4,1.9,1.3,1.9,2.4,0.9,0.2,3.3,Blagdon (Chew head),0.0,Conham
2025-09-12,1.9,2.5,1.9,2.4,2.5,1.9,0.5,2.1,8.4,1.3,1.3,2.1,0.4,0.3,0.5,1.5,0.6,1.9,1.9,2.2,1.8,1.8,2.0,1.9,0.7,2.2,1.9,3.0,2.0,1.5,1.4,8.4,Nailsea,0.0,Conham
2025-09-13,0.6,1.0,0.6,2.8,1.0,5.8,0.8,1.7,1.2,1.1,1.1,2.7,2.6,1.9,0.7,0.8,0.8,1.0,3.4,2.2,2.6,2.6,2.4,1.3,1.2,2.1,3.4,1.6,1.3,1.1,2.0,5.8,Bristol Frome (Frenchay),0.0,Conham
2025-09-14,4.5,3.4,4.5,3.9,3.4,5.0,4.0,5.3,4.9,2.7,2.7,3.5,5.0,5.7,3.3,1.7,3.9,3.0,2.4,3.0,1.2,1.2,0.8,1.8,2.6,3.9,2.4,2.3,3.3,2.8,3.1,5.7,Thornbury,0.0,Conham
2025-09-15,0.8,1.1,0.8,1.2,1.1,1.4,0.7,1.2,3.6,2.3,2.3,0.8,0.6,0.5,0.2,0.6,0.6,0.5,0.5,1.0,1.0,1.0,0.5,0.6,0.6,1.6,0.5,2.6,1.9,0.3,0.3,3.6,Nailsea,0.0,Conham
2025-09-16,0.3,0.4,0.3,0.3,0.4,0.3,0.3,0.4,0.4,0.3,0.3,1.1,0.3,0.2,0.2,0.3,0.2,0.2,0.2,0.2,0.5,0.5,0.2,0.2,0.3,0.2,0.2,0.1,0.1,0.1,0.1,1.1,Blagdon (Chew head),0.0,Conham
2025-09-17,1.4,2.7,1.4,1.5,2.7,2.1,1.6,1.5,1.3,1.3,1.3,1.4,1.5,2.8,1.8,1.4,1.4,1.4,1.4,1.3,1.3,1.3,1.2,1.2,1.3,1.3,1.4,1.3,1.3,1.3,1.7,2.8,Thornbury,0.0,Conham
2025-09-18,0.5,0.4,0.5,0.7,0.4,0.5,0.5,0.5,0.5,0.6,0.6,0.5,0.7,0.4,0.4,0.4,0.4,0.3,0.2,0.3,0.4,0.4,0.6,0.4,0.6,0.4,0.2,0.3,0.3,0.3,0.3,0.7,Kingswood,0.0,Conham
2025-09-19,0.0,0.0,0.0,0.0,0.0,0.0,0.0,0.0,0.0,0.0,0.0,0.0,0.0,0.0,0.0,0.0,0.0,0.0,0.0,0.0,0.0,0.0,0.0,0.0,0.0,0.0,0.0,0.0,0.0,0.0,0.0,0.0,Conham,0.0,Conham
2025-09-20,0.9,1.9,0.9,1.8,1.9,1.0,3.5,1.9,0.9,0.9,0.9,0.8,2.5,1.1,3.8,1.8,2.3,0.6,2.3,0.8,0.9,0.9,0.8,2.7,1.2,0.9,2.3,1.5,2.1,0.4,0.7,3.8,Wotton-under-Edge,0.0,Conham
2025-09-21,0.0,0.0,0.0,0.0,0.0,0.0,0.0,0.0,0.0,0.0,0.0,0.0,0.0,0.0,0.0,0.0,0.0,0.0,0.0,0.0,0.0,0.0,0.0,0.0,0.0,0.0,0.0,0.0,0.0,0.0,0.0,0.0,Conham,0.0,Conham
2025-09-22,0.0,0.0,0.0,0.0,0.0,0.0,0.0,0.0,0.0,0.0,0.0,0.0,0.0,0.0,0.0,0.0,0.0,0.0,0.0,0.0,0.0,0.0,0.0,0.0,0.0,0.0,0.0,0.0,0.0,0.0,0.0,0.0,Conham,0.0,Conham
2025-09-23,0.0,0.0,0.0,0.0,0.0,0.0,0.0,0.0,0.0,0.0,0.0,0.0,0.0,0.0,0.0,0.0,0.0,0.0,0.0,0.0,0.0,0.0,0.0,0.0,0.0,0.0,0.0,0.0,0.0,0.0,0.0,0.0,Conham,0.0,Conham
2025-09-24,0.0,0.0,0.0,0.1,0.0,0.1,0.0,0.0,0.0,0.0,0.0,0.0,0.1,0.0,0.1,0.0,0.0,0.0,0.0,0.1,0.1,0.1,0.2,0.0,0.1,0.1,0.0,0.0,0.0,0.0,0.0,0.2,Frome (Somerset),0.0,Conham
2025-09-25,0.0,0.0,0.0,0.0,0.0,0.0,0.0,0.0,0.0,0.0,0.0,0.0,0.0,0.0,0.0,0.0,0.0,0.0,0.0,0.0,0.0,0.0,0.0,0.0,0.0,0.0,0.0,0.0,0.0,0.0,0.0,0.0,Conham,0.0,Conham
2025-09-26,0.0,0.1,0.0,0.1,0.1,0.0,0.0,0.0,0.0,0.1,0.1,0.1,0.0,0.0,0.0,0.1,0.0,0.1,0.1,0.1,0.1,0.1,0.1,0.0,0.1,0.1,0.1,0.1,0.0,0.0,0.0,0.1,Hanham,0.0,Conham
2025-09-27,0.2,0.2,0.2,0.4,0.2,0.2,0.1,0.1,1.2,0.4,0.4,1.9,0.2,0.2,0.1,0.2,0.1,0.2,0.1,0.2,0.3,0.3,0.3,0.3,0.2,0.4,0.1,0.1,0.3,0.1,0.1,1.9,Blagdon (Chew head),0.0,Conham
2025-09-28,4.0,2.5,4.0,2.1,2.5,2.1,1.2,0.8,0.6,1.2,1.2,0.4,0.4,0.4,0.4,3.6,0.5,1.9,0.6,2.8,0.8,0.8,0.7,0.7,1.1,3.2,0.6,0.9,0.9,1.9,1.2,4.0,Conham,0.0,Conham
2025-09-29,0.0,0.0,0.0,0.0,0.0,0.0,0.0,0.0,0.0,0.0,0.0,0.0,0.0,0.0,0.0,0.0,0.0,0.0,0.0,0.0,0.0,0.0,0.0,0.0,0.0,0.0,0.0,0.0,0.0,0.0,0.0,0.0,Conham,0.0,Conham
2025-09-30,0.0,0.0,0.0,0.0,0.0,0.0,0.0,0.0,0.0,0.0,0.0,0.0,0.0,0.0,0.0,0.0,0.0,0.0,0.0,0.0,0.0,0.0,0.0,0.0,0.0,0.0,0.0,0.0,0.0,0.0,0.0,0.0,Conham,0.0,Conham
2025-10-01,0.0,0.0,0.0,0.0,0.0,0.0,0.0,0.0,0.0,0.0,0.0,0.0,0.0,0.0,0.0,0.0,0.0,0.0,0.0,0.0,0.0,0.0,0.0,0.0,0.0,0.0,0.0,0.0,0.0,0.0,0.0,0.0,Conham,0.0,Conham
2025-10-02,0.9,0.7,0.9,0.8,0.7,1.2,0.9,1.1,1.1,0.8,0.8,0.9,1.0,1.1,1.4,3.1,0.6,0.5,0.3,2.0,1.4,1.4,0.4,1.7,3.2,0.8,0.3,0.2,0.2,1.2,1.0,3.2,Trowbridge,0.0,Conham
2025-10-03,3.7,4.5,3.7,3.7,4.5,3.2,2.6,2.9,3.5,5.3,5.3,3.9,4.8,2.2,2.4,4.8,3.7,4.0,3.1,3.5,4.5,4.5,2.3,1.7,2.8,2.2,3.1,2.2,1.5,3.1,2.3,5.3,Pensford (Chew),0.0,Conham
2025-10-04,1.4,1.1,1.4,0.8,1.1,0.5,0.5,0.4,1.5,1.1,1.1,1.5,0.6,0.5,0.6,1.7,1.1,1.6,2.2,2.4,2.4,2.4,3.4,3.3,3.3,3.1,2.2,3.2,3.6,1.0,0.8,3.6,Devizes,0.0,Conham
2025-10-05,0.1,0.0,0.1,0.0,0.0,0.0,0.0,0.0,0.0,0.0,0.0,0.1,0.0,0.0,0.1,0.0,0.0,0.0,0.1,0.0,0.1,0.1,0.1,0.0,0.0,0.1,0.1,0.2,0.0,0.0,0.1,0.2,Calne (Marden),0.0,Conham
2025-10-06,0.0,0.0,0.0,0.0,0.0,0.0,0.0,0.0,0.0,0.0,0.0,0.1,0.0,0.0,0.0,0.0,0.0,0.0,0.0,0.0,0.0,0.0,0.0,0.0,0.0,0.0,0.0,0.0,0.0,0.0,0.0,0.1,Blagdon (Chew head),0.0,Conham
2025-10-07,0.0,0.0,0.0,0.0,0.0,0.0,0.0,0.0,0.0,0.0,0.0,0.0,0.0,0.1,0.1,0.0,0.0,0.0,0.0,0.0,0.0,0.0,0.0,0.0,0.0,0.0,0.0,0.0,0.0,0.0,0.0,0.1,Thornbury,0.0,Conham
2025-10-08,0.2,0.2,0.2,0.3,0.2,0.2,0.7,0.1,0.2,0.2,0.2,0.2,0.5,0.5,0.3,0.2,0.3,0.1,0.4,0.2,0.2,0.2,0.2,0.2,0.1,0.2,0.4,0.8,0.4,0.5,0.3,0.8,Calne (Marden),0.0,Conham
2025-10-09,0.0,0.0,0.0,0.0,0.0,0.0,0.0,0.0,0.0,0.0,0.0,0.0,0.0,0.0,0.0,0.0,0.0,0.0,0.0,0.0,0.0,0.0,0.0,0.0,0.0,0.0,0.0,0.0,0.0,0.0,0.0,0.0,Conham,0.0,Conham
2025-10-10,0.1,0.0,0.1,0.1,0.0,0.1,0.1,0.0,0.0,0.0,0.0,0.0,0.1,0.1,0.1,0.0,0.0,0.1,0.1,0.1,0.0,0.0,0.1,0.1,0.1,0.1,0.1,0.1,0.0,0.1,0.1,0.1,Conham,0.0,Conham
2025-10-11,0.0,0.0,0.0,0.0,0.0,0.0,0.0,0.0,0.0,0.0,0.0,0.0,0.0,0.0,0.0,0.0,0.0,0.0,0.0,0.0,0.0,0.0,0.0,0.0,0.0,0.0,0.0,0.0,0.0,0.0,0.0,0.0,Conham,0.0,Conham
2025-10-12,0.0,0.0,0.0,0.0,0.0,0.0,0.0,0.0,0.0,0.0,0.0,0.0,0.0,0.0,0.0,0.0,0.0,0.0,0.0,0.0,0.0,0.0,0.0,0.0,0.0,0.0,0.0,0.0,0.0,0.0,0.0,0.0,Conham,0.0,Conham
2025-10-13,0.0,0.0,0.0,0.0,0.0,0.0,0.0,0.0,0.0,0.0,0.0,0.0,0.0,0.1,0.1,0.1,0.0,0.1,0.1,0.1,0.0,0.0,0.0,0.0,0.0,0.0,0.1,0.0,0.0,0.1,0.0,0.1,Thornbury,0.0,Conham
2025-10-14,0.0,0.0,0.0,0.0,0.0,0.0,0.0,0.0,0.0,0.0,0.0,0.0,0.0,0.0,0.0,0.0,0.0,0.0,0.0,0.1,0.0,0.0,0.0,0.0,0.0,0.0,0.0,0.0,0.0,0.0,0.0,0.1,Bradford-on-Avon,0.0,Conham
2025-10-15,0.0,0.0,0.0,0.0,0.0,0.0,0.0,0.0,0.0,0.0,0.0,0.0,0.0,0.0,0.0,0.0,0.0,0.0,0.0,0.0,0.0,0.0,0.0,0.0,0.0,0.0,0.0,0.0,0.0,0.0,0.0,0.0,Conham,0.0,Conham
2025-10-16,0.0,0.0,0.0,0.1,0.0,0.1,0.1,0.0,0.1,0.0,0.0,0.0,0.1,0.0,0.0,0.0,0.1,0.1,0.1,0.1,0.1,0.1,0.1,0.0,0.0,0.0,0.1,0.0,0.1,0.1,0.0,0.1,Kingswood,0.0,Conham
2025-10-17,0.0,0.0,0.0,0.1,0.0,0.1,0.1,0.0,0.1,0.1,0.1,0.1,0.1,0.0,0.1,0.1,0.1,0.2,0.0,0.1,0.1,0.1,0.1,0.1,0.1,0.0,0.0,0.0,0.0,0.0,0.1,0.2,Colerne,0.0,Conham
2025-10-18,0.6,0.6,0.6,0.6,0.6,0.5,0.5,0.4,0.5,0.6,0.6,0.6,0.5,0.5,0.6,0.7,0.6,0.6,0.6,0.6,0.7,0.7,0.7,0.5,0.7,0.5,0.6,0.5,0.5,0.6,0.5,0.7,Bath,0.0,Conham
2025-10-19,6.0,2.0,6.0,1.7,2.0,1.9,1.7,2.5,0.9,2.6,2.6,1.4,1.5,1.3,1.5,1.7,1.8,3.6,2.0,1.8,2.6,2.6,2.0,2.2,1.6,1.9,2.0,3.0,5.3,1.0,1.2,6.0,Conham,0.0,Conham
2025-10-20,1.6,4.4,1.6,1.7,4.4,1.2,1.3,3.7,5.2,2.1,2.1,1.6,2.4,2.9,1.0,1.9,1.0,1.4,0.6,0.5,0.6,0.6,1.0,2.4,0.5,2.7,0.6,0.4,0.6,0.9,2.0,5.2,Nailsea,0.0,Conham
2025-10-21,0.3,0.6,0.3,0.3,0.6,0.2,0.1,0.4,1.4,0.7,0.7,1.2,2.3,0.1,0.1,0.9,0.2,0.2,0.2,0.2,0.5,0.5,0.6,0.8,0.2,0.3,0.2,0.3,0.5,0.4,0.4,2.3,Yate,0.0,Conham
2025-10-22,2.0,2.0,2.0,1.7,2.0,1.9,1.7,2.0,2.1,2.1,2.1,1.9,1.5,1.8,1.8,2.2,1.6,1.9,2.1,2.2,2.3,2.3,2.6,2.6,2.5,2.3,2.1,2.2,2.4,1.6,1.8,2.6,Frome (Somerset),0.0,Conham
2025-10-23,1.1,1.1,1.1,1.4,1.1,2.0,1.4,1.0,2.6,0.9,0.9,1.4,1.6,1.7,1.9,0.9,1.9,1.7,2.3,1.4,1.6,1.6,2.0,1.5,1.0,2.0,2.3,2.4,2.2,2.4,2.2,2.6,Nailsea,0.0,Conham
2025-10-24,1.2,0.7,1.2,0.3,0.7,1.2,0.8,1.6,1.3,1.2,1.2,1.8,0.3,0.1,0.1,0.9,0.5,0.6,1.2,0.3,0.3,0.3,0.2,0.1,0.1,0.3,1.2,0.4,0.2,1.4,0.2,1.8,Blagdon (Chew head),0.0,Conham
2025-10-25,0.4,1.6,0.4,3.5,1.6,3.1,4.0,0.1,0.2,0.2,0.2,0.1,2.2,0.9,2.5,0.1,1.7,0.4,2.5,0.2,0.2,0.2,0.1,0.4,0.3,3.9,2.5,4.0,1.8,1.3,0.2,4.0,Bradley Stoke,0.0,Conham
2025-10-26,0.2,3.2,0.2,0.3,3.2,0.2,0.1,0.2,0.2,0.3,0.3,0.4,1.2,0.4,0.1,1.0,0.4,0.2,0.2,0.2,0.4,0.4,0.4,0.3,0.7,0.3,0.2,0.2,0.3,0.2,0.2,3.2,Hanham,0.0,Conham
2025-10-27,0.3,0.2,0.3,0.1,0.2,0.2,0.1,0.1,0.4,0.3,0.3,0.3,0.0,0.0,0.0,0.1,0.0,0.1,0.0,0.1,0.1,0.1,0.0,0.0,0.0,0.0,0.0,0.1,0.1,0.0,0.0,0.4,Nailsea,0.0,Conham
2025-10-28,0.5,0.3,0.5,0.4,0.3,0.6,0.3,0.3,0.7,0.5,0.5,0.7,0.2,0.2,0.3,0.4,0.4,0.3,0.2,0.3,0.5,0.5,0.3,0.3,0.3,0.2,0.2,0.3,0.2,0.2,0.1,0.7,Nailsea,0.0,Conham
2025-10-29,1.0,0.7,1.0,0.8,0.7,1.2,1.2,1.2,1.4,0.8,0.8,1.2,1.0,1.2,0.9,0.7,0.5,0.6,0.6,0.7,0.7,0.7,0.5,0.5,0.6,0.7,0.6,0.6,0.6,0.4,0.5,1.4,Nailsea,0.0,Conham
2025-10-30,0.3,0.2,0.3,0.2,0.2,0.3,0.4,0.4,0.6,0.4,0.4,0.6,0.1,0.1,0.1,0.2,0.9,0.5,1.3,0.2,0.2,0.2,0.3,0.2,0.2,0.3,1.3,0.2,0.2,0.1,0.2,1.3,Corsham,0.0,Conham
2025-10-31,2.8,3.4,2.8,2.6,3.4,2.2,2.1,4.0,2.1,2.4,2.4,2.2,2.8,2.9,4.2,3.2,2.6,3.1,1.9,2.3,3.0,3.0,2.6,2.1,2.6,2.2,1.9,1.8,1.7,2.0,3.6,4.2,Wotton-under-Edge,0.0,Conham
2025-11-01,2.9,2.2,2.9,1.3,2.2,2.0,1.6,2.4,1.8,2.7,2.7,3.3,1.3,1.9,1.0,2.9,1.0,1.5,1.8,1.6,2.4,2.4,3.2,3.6,1.8,2.2,1.8,2.4,3.3,1.1,2.0,3.6,Westbury,0.0,Conham
2025-11-02,1.5,0.9,1.5,0.6,0.9,1.6,2.3,0.9,3.2,1.1,1.1,1.9,1.0,0.8,2.7,1.7,2.4,1.2,0.7,1.9,1.2,1.2,1.4,2.1,1.1,0.7,0.7,0.9,1.3,1.0,3.3,3.3,Tetbury (source),0.0,Conham
2025-11-03,0.3,0.1,0.3,1.3,0.1,0.3,0.6,0.3,0.3,0.6,0.6,0.6,1.0,0.8,0.2,0.1,1.1,0.8,0.7,0.2,0.1,0.1,0.2,0.2,0.2,0.2,0.7,0.2,0.3,0.1,0.1,1.3,Kingswood,0.0,Conham
2025-11-04,0.8,0.3,0.8,0.4,0.3,2.8,0.6,1.7,2.2,0.4,0.4,2.2,0.6,0.3,0.3,0.3,2.7,0.3,0.2,0.3,0.4,0.4,0.3,0.2,0.3,0.5,0.2,0.1,0.1,0.4,0.7,2.8,Bristol Frome (Frenchay),0.0,Conham
2025-11-05,0.4,0.3,0.4,2.3,0.3,1.0,0.2,0.4,0.8,0.3,0.3,1.8,0.5,1.0,0.2,0.2,0.7,0.2,0.3,0.3,0.2,0.2,0.3,0.4,0.3,0.5,0.3,0.3,0.3,0.2,0.8,2.3,Kingswood,0.0,Conham
2025-11-06,0.1,0.1,0.1,0.1,0.1,0.1,0.1,0.1,0.1,0.0,0.0,0.2,0.2,0.4,0.2,0.1,0.2,0.1,0.1,0.1,0.1,0.1,0.0,0.0,0.0,0.1,0.1,0.1,0.1,0.2,0.2,0.4,Thornbury,0.0,Conham
2025-11-07,1.7,1.1,1.7,2.7,1.1,2.1,6.5,2.5,4.2,3.9,3.9,2.0,3.4,2.8,2.0,0.7,0.9,1.6,2.0,4.2,1.3,1.3,0.9,1.5,1.9,1.4,2.0,0.6,1.6,2.5,2.9,6.5,Bradley Stoke,0.0,Conham
2025-11-08,0.0,0.0,0.0,0.0,0.0,0.1,0.0,0.0,0.1,0.0,0.0,0.0,0.0,0.0,0.0,0.0,0.0,0.0,0.0,0.0,0.1,0.1,0.1,0.0,0.0,0.0,0.0,0.1,0.0,0.0,0.0,0.1,Bristol Frome (Frenchay),0.0,Conham
2025-11-09,1.1,3.0,1.1,2.0,3.0,4.1,3.6,15.4,1.2,2.4,2.4,1.1,1.5,1.3,0.9,2.6,2.0,1.9,2.1,3.4,1.1,1.1,1.7,4.3,3.5,1.9,2.1,0.6,1.6,0.5,0.3,15.4,Portishead (tidal mouth),0.0,Conham
2025-11-10,1.7,1.0,1.7,1.6,1.0,2.2,2.7,2.4,3.7,1.0,1.0,2.2,1.8,1.1,1.0,0.8,1.7,2.5,1.3,0.7,0.9,0.9,1.5,1.9,1.0,1.5,1.3,2.6,3.5,1.2,2.0,3.7,Nailsea,0.0,Conham
2025-11-11,3.5,2.0,3.5,1.4,2.0,3.1,2.0,2.0,2.7,1.6,1.6,2.1,1.7,1.7,1.8,2.2,1.8,2.1,2.1,2.4,2.8,2.8,2.6,2.1,2.5,2.1,2.1,1.9,2.0,2.1,2.4,3.5,Conham,0.0,Conham
2025-11-12,3.0,2.5,3.0,2.2,2.5,4.0,3.1,3.2,4.2,4.0,4.0,3.3,3.1,4.1,3.5,3.1,2.8,2.1,1.7,2.5,3.0,3.0,2.3,1.7,2.0,3.2,1.7,2.3,3.4,3.1,2.5,4.2,Nailsea,0.0,Conham
2025-11-13,2.4,2.5,2.4,2.1,2.5,2.0,1.7,1.6,2.1,2.6,2.6,2.5,1.8,1.7,1.7,2.8,2.5,2.7,3.0,2.9,3.3,3.3,3.6,3.3,3.3,3.3,3.0,3.6,3.2,2.4,1.9,3.6,Frome (Somerset),0.0,Conham
2025-11-14,5.6,5.9,5.6,4.4,5.9,4.9,6.3,5.9,5.8,6.4,6.4,5.8,4.6,5.4,5.1,6.3,5.6,5.0,4.2,4.9,5.2,5.2,2.4,2.3,3.3,3.2,4.2,3.9,2.5,6.7,7.2,7.2,Tetbury (source),0.0,Conham
2025-11-15,0.6,0.1,0.6,0.0,0.1,0.2,0.1,0.5,1.1,0.7,0.7,1.1,0.1,0.2,0.1,0.1,0.1,0.2,0.1,0.1,0.1,0.1,0.0,0.3,0.1,0.3,0.1,0.1,0.6,0.1,0.1,1.1,Nailsea,0.0,Conham
2025-11-16,0.1,0.1,0.1,0.1,0.1,0.1,0.0,0.0,0.0,0.1,0.1,0.1,0.0,0.0,0.1,0.1,0.0,0.0,0.0,0.0,0.1,0.1,0.1,0.0,0.1,0.0,0.0,0.1,0.0,0.1,0.1,0.1,Conham,0.0,Conham
2025-11-17,0.0,0.0,0.0,0.0,0.0,0.0,0.0,0.0,0.0,0.0,0.0,0.0,0.0,0.0,0.0,0.0,0.0,0.0,0.0,0.0,0.0,0.0,0.0,0.0,0.0,0.0,0.0,0.0,0.0,0.0,0.0,0.0,Conham,0.0,Conham
2025-11-18,1.0,0.6,1.0,0.4,0.6,0.6,0.1,0.1,0.2,0.2,0.2,0.3,0.5,0.0,0.0,0.1,0.1,0.1,0.3,0.3,0.1,0.1,0.1,0.0,0.0,0.3,0.3,0.7,0.2,0.0,0.0,1.0,Conham,0.0,Conham
2025-11-19,0.9,3.1,0.9,1.1,3.1,0.9,1.8,1.0,1.0,1.0,1.0,2.4,1.3,0.6,2.4,1.5,1.0,1.1,1.2,1.2,1.9,1.9,1.6,1.3,0.5,1.3,1.2,1.5,3.4,2.6,2.0,3.4,Devizes,0.0,Conham
2025-11-20,0.0,0.0,0.0,0.0,0.0,0.0,0.0,0.0,0.0,0.0,0.0,0.0,0.0,0.0,0.0,0.0,0.0,0.0,0.0,0.0,0.0,0.0,0.0,0.0,0.0,0.0,0.0,0.0,0.0,0.0,0.0,0.0,Conham,0.0,Conham
2025-11-21,0.0,0.0,0.0,0.0,0.0,0.0,0.0,0.0,0.0,0.0,0.0,0.0,0.0,0.0,0.0,0.0,0.0,0.0,0.0,0.0,0.0,0.0,0.0,0.0,0.0,0.0,0.0,0.0,0.0,0.0,0.0,0.0,Conham,0.0,Conham
2025-11-22,2.4,3.7,2.4,1.9,3.7,1.7,2.6,1.6,7.0,2.5,2.5,2.9,1.4,1.7,1.6,2.3,1.8,2.0,1.5,1.8,2.0,2.0,1.9,1.8,2.8,1.7,1.5,1.9,1.7,2.1,0.9,7.0,Nailsea,0.0,Conham
2025-11-23,1.5,1.0,1.5,2.4,1.0,2.5,1.8,2.1,0.9,1.1,1.1,1.7,3.2,2.3,3.0,2.4,0.9,2.8,4.8,1.5,1.0,1.0,0.6,3.9,1.3,1.8,4.8,3.0,4.5,4.9,2.8,4.9,Malmesbury (headwaters),0.0,Conham
2025-11-24,2.2,0.5,2.2,1.0,0.5,0.8,2.4,0.7,2.0,1.1,1.1,0.9,1.9,0.5,0.7,0.4,2.5,2.0,0.9,0.6,0.3,0.3,0.3,0.2,0.6,1.4,0.9,0.6,0.5,0.7,0.6,2.5,Marshfield (By Brook),0.0,Conham
2025-11-25,0.0,0.0,0.0,0.0,0.0,0.0,0.0,0.0,0.0,0.0,0.0,0.0,0.0,0.0,0.0,0.0,0.0,0.0,0.0,0.0,0.0,0.0,0.0,0.0,0.0,0.0,0.0,0.0,0.0,0.0,0.0,0.0,Conham,0.0,Conham
2025-11-26,0.4,0.4,0.4,0.4,0.4,0.4,0.4,0.4,0.3,0.5,0.5,0.5,0.4,0.4,0.7,0.5,0.6,0.6,1.2,0.6,0.8,0.8,0.7,0.6,0.6,0.8,1.2,1.4,1.3,1.2,1.2,1.4,Calne (Marden),0.0,Conham
2025-11-27,0.3,0.3,0.3,0.3,0.3,0.4,0.4,0.4,0.5,0.5,0.5,0.4,0.4,0.3,0.3,0.3,0.4,0.3,0.2,0.2,0.3,0.3,0.2,0.2,0.2,0.2,0.2,0.3,0.4,0.3,0.3,0.5,Nailsea,0.0,Conham
2025-11-28,0.3,0.2,0.3,0.3,0.2,0.3,0.4,0.3,0.3,0.2,0.2,0.7,0.4,0.4,0.4,0.2,0.3,0.2,0.2,0.2,0.2,0.2,0.2,0.2,0.2,0.2,0.2,0.4,0.2,0.3,0.3,0.7,Blagdon (Chew head),0.0,Conham
2025-11-29,2.2,2.1,2.2,2.0,2.1,2.0,2.0,2.3,1.6,1.9,1.9,1.6,1.7,1.9,1.7,2.7,1.8,1.9,1.9,2.1,2.0,2.0,2.3,2.3,2.1,2.1,1.9,2.2,2.6,1.6,1.7,2.7,Bath,0.0,Conham
2025-11-30,0.0,0.0,0.0,0.0,0.0,0.0,0.1,0.1,0.1,0.0,0.0,0.0,0.0,0.0,0.0,0.0,0.0,0.0,0.0,0.0,0.0,0.0,0.0,0.0,0.0,0.0,0.0,0.1,0.0,0.0,0.0,0.1,Bradley Stoke,0.0,Conham
2025-12-01,2.0,4.1,2.0,2.3,4.1,2.4,2.3,4.0,2.8,3.1,3.1,2.5,2.0,2.0,2.5,2.8,2.8,2.7,2.3,2.3,2.6,2.6,3.0,2.3,2.6,2.5,2.3,2.4,1.8,2.1,2.6,4.1,Hanham,0.0,Conham
2025-12-02,0.0,0.7,0.0,0.2,0.7,0.3,0.2,0.3,0.6,0.3,0.3,0.2,0.0,0.0,0.0,0.0,0.0,0.0,0.1,0.0,0.0,0.0,0.0,0.0,0.1,0.1,0.1,0.1,0.3,0.0,0.0,0.7,Hanham,0.0,Conham
2025-12-03,0.0,0.0,0.0,0.0,0.0,0.0,0.0,0.0,0.0,0.0,0.0,0.0,0.0,0.0,0.0,0.0,0.0,0.0,0.6,0.0,0.2,0.2,0.1,2.2,0.0,0.2,0.6,0.3,0.1,0.0,0.0,2.2,Westbury,0.0,Conham
2025-12-04,2.2,2.4,2.2,2.4,2.4,2.5,2.2,1.9,3.2,2.7,2.7,2.6,2.0,2.0,2.4,2.5,2.4,2.6,1.7,2.8,2.4,2.4,3.1,2.6,3.0,2.1,1.7,2.5,2.5,1.7,1.8,3.2,Nailsea,0.0,Conham
2025-12-05,1.8,2.3,1.8,2.5,2.3,4.6,7.9,2.7,3.4,2.1,2.1,1.3,4.2,2.9,2.3,2.2,4.5,2.3,3.4,2.9,2.4,2.4,3.5,2.7,1.9,2.0,3.4,2.8,2.2,2.3,2.9,7.9,Bradley Stoke,0.0,Conham
2025-12-06,0.9,0.5,0.9,0.8,0.5,1.3,0.8,0.7,0.7,0.8,0.8,1.0,0.5,0.4,1.1,0.3,0.7,0.3,0.3,0.2,0.3,0.3,0.4,0.4,0.2,0.3,0.3,0.4,1.0,0.3,0.3,1.3,Bristol Frome (Frenchay),0.0,Conham
2025-12-07,2.2,1.5,2.2,1.3,1.5,1.5,1.6,1.6,1.2,1.3,1.3,1.4,1.4,1.7,1.6,1.3,2.4,1.5,1.4,2.6,1.0,1.0,2.3,1.3,1.4,1.3,1.4,1.5,1.0,1.8,2.4,2.6,Bradford-on-Avon,0.0,Conham
2025-12-08,2.6,2.8,2.6,1.5,2.8,0.8,0.4,0.4,0.6,2.1,2.1,1.9,0.3,0.4,0.3,1.5,1.5,2.1,5.6,1.2,1.7,1.7,0.7,1.8,1.4,1.6,5.6,1.4,1.4,1.4,1.2,5.6,Corsham,0.0,Conham
2025-12-09,3.4,3.7,3.4,3.2,3.7,4.3,2.7,3.2,5.6,3.4,3.4,3.4,3.0,3.0,2.4,3.6,2.5,2.7,2.6,3.7,3.4,3.4,3.1,2.4,2.6,3.2,2.6,3.0,3.0,2.6,2.3,5.6,Nailsea,0.0,Conham
2025-12-10,0.1,0.0,0.1,0.0,0.0,0.1,0.3,0.3,1.7,0.1,0.1,0.7,0.1,0.1,0.1,0.0,0.0,0.0,0.0,0.0,0.0,0.0,0.0,0.0,0.0,0.0,0.0,0.0,0.0,0.0,0.1,1.7,Nailsea,0.0,Conham
2025-12-11,0.0,0.0,0.0,0.1,0.0,0.0,0.0,0.0,0.0,0.1,0.1,0.1,0.1,0.0,0.0,0.0,0.2,0.0,0.1,0.0,0.1,0.1,0.1,0.1,0.1,0.1,0.1,0.1,0.1,0.1,0.1,0.2,Marshfield (By Brook),0.0,Conham
2025-12-12,1.2,0.8,1.2,0.9,0.8,1.1,1.4,1.8,1.6,3.0,3.0,3.7,1.8,0.9,0.5,1.1,0.5,0.5,0.3,0.4,0.6,0.6,0.3,0.2,0.3,0.3,0.3,0.3,0.2,0.4,0.7,3.7,Blagdon (Chew head),0.0,Conham
2025-12-13,0.0,0.0,0.0,0.0,0.0,0.0,0.0,0.0,0.0,0.0,0.0,0.0,0.0,0.0,0.0,0.0,0.0,0.0,0.0,0.0,0.0,0.0,0.0,0.0,0.0,0.0,0.0,0.0,0.0,0.0,0.0,0.0,Conham,0.0,Conham
2025-12-14,0.0,0.0,0.0,0.0,0.0,0.0,0.0,0.3,0.2,0.0,0.0,0.1,0.0,0.0,0.0,0.0,0.0,0.1,0.0,0.0,0.0,0.0,0.0,0.0,0.0,0.1,0.0,0.0,0.0,0.0,0.0,0.3,Portishead (tidal mouth),0.0,Conham
2025-12-15,5.3,2.8,5.3,1.6,2.8,2.3,3.3,4.0,3.2,4.6,4.6,2.7,2.3,2.6,2.0,4.9,1.6,1.8,1.7,2.8,2.0,2.0,1.6,1.3,1.9,2.5,1.7,1.3,1.2,1.5,1.6,5.3,Conham,0.0,Conham
2025-12-16,4.1,6.5,4.1,5.0,6.5,3.1,2.3,2.1,2.6,5.3,5.3,2.8,3.5,2.6,3.5,5.8,5.7,4.3,2.6,3.0,3.8,3.8,3.0,3.4,2.2,3.5,2.6,2.6,2.2,5.2,5.4,6.5,Hanham,0.0,Conham
2025-12-17,2.5,1.0,2.5,2.4,1.0,0.8,1.0,2.3,1.7,0.8,0.8,1.5,1.1,1.1,0.8,0.6,2.2,0.7,0.9,0.4,0.7,0.7,0.6,0.3,0.5,0.2,0.9,0.2,0.3,2.5,0.7,2.5,Conham,0.0,Conham
2025-12-18,4.2,4.4,4.2,4.3,4.4,3.8,3.6,3.3,3.6,4.6,4.6,4.0,4.1,4.1,4.1,4.6,4.1,4.3,4.5,4.5,5.0,5.0,4.9,4.9,4.7,4.6,4.5,4.7,4.7,3.8,3.8,5.0,Radstock (Wellow Brook),0.0,Conham
